"id","seedprice_hybrid","seedprice_local","price_Urea","price_CAN","price_DAP","price_pesticide","price_fungicide","price_herbicide","N_price","P_price","flab_h_ha_mpp","flab_h_ha_mmc","flab_l_ha_mpp","flab_l_ha_mmc","flab_p_ha_mpp","flab_p_ha_mmc","flab_r_ha_mpp","flab_r_ha_mmc","flab_w_ha_mpp","flab_w_ha_mmc","hlab_h_ha_mpp","hlab_h_ha_mmc","hlab_l_ha_mpp","hlab_l_ha_mmc","hlab_p_ha_mpp","hlab_p_ha_mmc","hlab_r_ha_mpp","hlab_r_ha_mmc","hlab_w_ha_mpp","hlab_w_ha_mmc","hlab_lw_ha_mpp","hlab_lw_ha_mmc","hlab_pw_ha_mpp","hlab_pw_ha_mmc","hlab_ww_ha_mpp","hlab_ww_ha_mmc","hlab_rw_ha_mpp","hlab_rw_ha_mmc","hlab_hw_ha_mpp","hlab_hw_ha_mmc","tlab_h_ha_mpp","tlab_h_ha_mmc","tlab_l_ha_mpp","tlab_l_ha_mmc","tlab_p_ha_mpp","tlab_p_ha_mmc","tlab_r_ha_mpp","tlab_r_ha_mmc","tlab_w_ha_mpp","tlab_w_ha_mmc","flab_h_dt_mpp","flab_h_dt_mmc","hlab_h_dt_mpp","hlab_h_dt_mmc","tlab_h_dt_mpp","tlab_h_dt_mmc"
1,3913.19386628151,980.444989570287,1348.28950691586,10213.8600266973,16069.7831724187,6208.46652739412,11553.2130393234,33.1753318616513,3.12782552286778,13.5520074335895,21.0229053364517,4.47587255343656,6.16967099423444,1.59335312425038,6.53927783811137,18.8138592630978,18.7294496534023,14.0516551376903,15.255905826135,4.85104434539111,6.00917037046745,7.2762835139531,7.55244753267834,4.73896105545123,0.759080492632103,5.92173262480999,15.120286665919,129907.599472829,72940.4472293976,40723.263637894,20833.9383463006,29643.8285520189,94046.3124881356,14295.7822574535,84962.7779254619,72751.4585340286,61853.2439473689,24.6129868501295,9.16539856045358,16.3435867053338,19.2572769158222,18.1922105590027,13.709535866714,12.9906004173162,2.29755741438776,9.69944026680677,12.1011625794487,19.6339164318345,32.7718380366849,16.7455426155668,10.9007347206391,18.3372796731337,30.5908800252544,1000,1040,30020
2,7629.06168344113,964.047423789356,1588.9521991191,9754.73276992918,19857.1524124197,4139.48361007984,7145.87213026659,18.4869350735342,23.4196994116731,8.91315513061527,17.1088475717747,1.35522298893437,2.73678504576605,32.7703460898957,0.33780117115897,19.2856207137103,23.0057384645365,11.5061634399171,19.8709701844936,2.97244203427795,9.30048500263338,5.75606063277648,8.80943172982743,8.11919750187459,9.60180849060268,10.8819478575711,4.95659058678762,93651.0034134269,75030.8905595244,21145.8731068176,63108.2333123188,151533.388302426,119864.86761205,23508.1091164687,1346.19750332557,46559.4284444455,58599.7631791639,19.0365092901807,40.7001001091348,5.93662119916279,8.73083548222942,23.6779777954617,20.3825037692189,2.86214965146743,8.88247872467263,18.018754143683,20.1362170888634,9.44308105993153,11.0125529676155,4.13025616574496,21.3417995995594,5.07165904870278,3.27348735493482,2000,1040,45020
3,6154.39659126945,1040.71041011443,1611.22136838682,12621.9909427477,11908.742749134,5925.62950517052,7962.35633312679,27.0071642347431,5.29919458484527,8.07607832470368,10.1725207653555,5.55774063767527,6.90437990130717,13.82206181423,21.4626318273216,21.9380274608547,19.3226267943802,11.2810927300976,10.6628600016175,4.16443063179018,2.06899027659677,9.66859351028475,2.44022073660929,10.1798588442697,6.44768681747405,6.34384762375786,16.541758247278,99385.3480145246,66908.3503868008,162693.914336674,108396.88932869,98278.2912264078,115588.098323888,172031.187863188,53516.917781844,62347.5766377053,114809.241616045,14.9316971447284,5.88799789759108,0.554919113837293,5.77973769884763,15.5594491711462,10.2380723601829,3.95563804738661,4.81524282409835,14.3943833401001,20.4020550497125,1.12628917065381,6.67131103056017,0.796428563932053,2.67602422228398,0.626246072696728,0.903001746491002,2000,1120,40040
4,5137.71597280389,1266.63080613283,1295.05004398258,7002.46634699946,17735.9546456131,5819.47673344699,10966.1512973239,30.2757231702985,8.56940017400308,5.87466743077302,29.6706311296689,12.8838857820336,4.93197569073466,1.71614340243168,4.61724428835954,26.9530869354791,17.3552650562349,15.217429162188,4.20385718798566,3.89186198200737,2.85821868021409,3.90944187807658,7.36711668043255,4.05854682616121,3.42095386084002,21.0247140322523,21.5535205544012,103143.56634231,115585.348440941,70743.0262119563,59710.9296919469,167959.436543892,110274.887725619,1442.57629705571,177711.896720533,42553.1178398946,57478.7418626251,22.8681036371301,12.2045496142021,21.8907173869163,3.02401784985399,12.5790377580747,5.67129523714754,8.65315013341761,2.02372367776931,17.8800949109073,16.1515972624712,21.7367236122939,21.212327438552,4.78030831435418,1.26718358647214,3.40522744383243,3.04279942885383,1000,1020,45060
5,5040.31789714443,1090.92365768022,1442.14434841795,56245.802249576,5434.27120760413,5744.12736371249,17627.448193505,27.9635482516069,14.3858229489816,30.3253277860752,28.4910775468462,5.02478910859472,13.3703729484885,31.3996696983063,5.9268077243214,23.743260818201,12.1781914532684,12.558198597266,10.0168235401548,10.6011468188988,0.444502448673687,5.58279332451411,6.21166180219203,1.28565324962557,5.9431011295375,16.0361793250082,4.98958857948508,67908.5369803715,69682.8676941895,52639.375450081,40296.776818738,13472.0227717658,98500.210423165,263665.180478127,125538.907066762,89074.5107353221,78184.7323775973,26.3130519169698,18.2986513690326,0.498346979588728,4.62256896332782,3.39175806839213,11.5001397844678,4.53067105159779,18.557406402841,10.1590646882207,33.8126739867621,20.3283461759442,16.2486429111638,9.11917640199517,8.07832445260013,22.7136552908918,8.79064962034836,1000,1020,45060
6,4141.30535897511,1194.46146169857,1267.59732932367,21368.205090592,9114.38145931433,13363.1724707173,8027.58020619393,21.1729727545399,18.4277331314587,11.1512178448418,14.7228693454142,10.5143625938441,12.4768737113748,3.09419152745057,4.28918497987871,25.7693061247571,4.35320404409068,14.3923089409862,21.4437147357246,3.73143986093415,5.5750766523213,6.27688583137253,4.65520962000794,4.29314707984548,2.1903556709643,28.548156082825,19.8798929870928,138720.656334519,136903.642625575,59454.9217826612,18031.2675592519,213093.843972771,49046.0664331731,51236.9628559169,128507.364801508,120402.097277789,37561.6238419437,35.7823432000972,9.92389438404343,4.71818591311466,14.4533736744081,6.1010171894665,17.1572208985653,6.80669332108918,6.58244277540932,26.8246176694922,9.93379446556414,7.83509772865768,17.2856193178476,6.47904473326121,4.83262567454284,16.2192653884812,12.7679970148949,2000,1120,45060
7,4250.97685369363,1137.10106366704,1445.9319611166,18709.4507605191,15018.6414582633,8285.89769032752,5084.51587967605,3.44143008101537,23.1800055179332,23.4918045255297,8.36030899376198,4.1909982160465,12.3914500098023,22.3490878587111,16.7127341985018,22.2773603455091,22.2133754579346,19.7788107670949,8.01611998094144,15.7137078211578,3.64910729655956,4.45970748848429,9.39686392796809,14.6028768355371,1.46651374421688,17.1063213508764,6.96453997869214,61280.0400899987,132998.164939123,25678.9537530477,50570.1237450213,86126.5289512699,57735.3033083824,79962.0126274093,10294.8634374202,60133.4069919855,54718.8785589676,25.2581662281843,27.8427456980776,0.384551840976219,8.62953941452148,15.8539365333169,10.824755798074,5.42128680997402,10.4856814118284,23.4172090756681,14.956956632186,3.77148765182485,9.23837102927128,13.6281531705366,7.83682810296733,20.4712570797942,5.80443932694523,2000,1120,45020
8,6437.88541672377,1150.12800085722,1378.83111978286,16833.6077716745,8140.63148893375,3476.57503561873,6448.64137423679,2.62173665184187,15.4384098667828,20.2693718564632,24.6581430539071,7.0657772652454,5.9723412152369,4.15547258979952,24.3446661028537,26.2645071434105,12.5286645546783,32.0293177909136,2.65634308075376,4.92567505985747,4.71959811800919,7.19579866248985,9.00527329515493,2.32071878501021,8.29608339191559,7.22422154133326,11.5252718009716,135949.224960508,71137.2554888512,98697.7128290548,39695.8675053934,90570.7899230712,131727.680169771,125068.033816589,21340.8411251132,40920.1308614127,80394.3734405716,21.4042859947738,13.2663887862545,9.19249991608618,11.176908603967,8.45420450672486,3.91978529209976,2.30989808838456,12.242925079458,18.810261841326,37.3690461858158,2.25715302889137,5.79382644804208,4.46333615531353,5.79505299007068,11.5477997157709,22.6951754761836,1000,1120,30020
9,7031.862113238,1361.88801264559,1509.7551338452,9424.69876822331,8729.85843947162,6292.80521615291,12909.8263257322,10.6124500811072,34.3466537603471,11.6972890386177,2.88267869300305,2.9353578013868,11.2646719271971,2.65727694784312,15.456017150117,25.4660816589085,29.8411612852775,9.85141703114689,0.443610513757813,3.18085542998943,4.59693424306965,3.16420770210945,12.7685601555915,16.0998999899656,4.84429643449033,10.5359020224781,17.1804355677196,189754.368746195,118154.302622684,37069.0423213465,80343.4851104843,38914.1304555896,40185.4966334126,33231.1169114798,80433.8364983459,172575.223465939,28896.4538830469,36.5435620605098,16.3893812646354,4.5069090260363,25.8932046631373,13.1713863431776,9.05612905097647,2.43868003866406,8.40861559126312,4.81209204491669,5.87626166791627,13.8951565895497,36.0564981871257,1.96314707174786,17.0350919238489,8.86371068092338,0.301213315655353,1000,1120,10020
10,4208.04237749172,1164.25422866456,1504.48165256977,4805.66044885267,11833.1513751982,8037.10133459856,10002.7990641588,3.14712530436068,21.310352469599,2.65163281602138,5.49939213792277,17.600648487756,16.779982623227,15.6073225610094,5.73043374009051,8.34348311976272,17.2849435992103,1.33757450465535,4.78073152704744,3.34143358222038,1.0376561829233,7.46097012176971,6.02744464960357,7.37377012223958,2.55521439270469,7.4577735971995,19.6812695939369,125016.384542614,79452.1132079466,27200.5099766806,44992.415468875,118424.361497424,67052.6977646738,59307.6651031792,86661.5964131956,64388.5379921182,27328.7005322359,7.8703855672001,8.36533385026019,3.22833203806631,12.0063421733664,13.8418726973394,6.41426771845902,3.21537689990333,5.36940206727781,20.5946663399055,12.8328431078434,18.8141206412848,4.99413951222831,10.3234824153376,15.7673906835991,6.44859010616454,16.5884633114888,1000,1120,45060
11,5147.99005520319,1030.26470603695,1561.49095384313,29255.8801986783,13150.5739873067,6415.60593420534,12690.6038329262,24.2993922346073,9.91270979958087,3.12432802339413,29.9268688103103,14.5739748039661,6.46761213817926,7.42536024645002,6.18202067869011,10.394934406064,6.17726630445988,4.98451523276398,6.29408190818117,9.83766723886691,1.85103574387231,5.21594517621263,7.07989526125031,5.59819713322247,6.34609245466241,8.99111543577058,12.7000023217096,113851.287049933,42356.5334203725,47520.9720625134,57612.2829969866,64002.5108451984,92091.4617093921,22266.6906477178,28871.6150705247,98305.1818581418,118632.298473411,7.41639580870995,11.5139737348745,5.11631043619817,0.0906138067230324,12.2900156629919,2.99337864585246,12.2452791161673,21.3562295336846,9.87187466047246,15.3664092471618,9.63250821317333,14.0725439636531,3.74785716004356,3.74299285998697,1.67935090472727,65.8237535583207,2000,1120,30020
12,3854.53026942058,1008.76459501196,1403.40457805667,6532.06097360767,9058.23755062963,6897.93976547694,8872.68361591492,15.9973077110766,31.9794092820857,8.72049315012936,25.3576367415654,13.9290227548617,9.16531179138096,7.65558503327466,30.27485182134,33.3110370208267,27.1333720004931,14.9896107217502,12.9504255789756,1.22522034005974,19.417523419842,8.00173249811092,1.99277540157201,5.44542804715056,3.7478899433366,13.0722435691497,19.1098437798021,133450.787136519,76434.7178453424,12734.3315042368,27637.9823516727,159226.732371302,181789.537037785,4115.3688220566,110965.315960055,91396.3659679176,63543.5230148826,17.2857151243122,13.8604904433079,1.4274064210276,4.44102320375416,6.05894965955399,11.0729752387293,8.99668879567855,4.27133206107944,26.156264459324,18.3217560775954,3.36381092165381,2.90385884501379,7.40141817966758,6.07997029955074,2.5669084444796,41.8218776883825,1000,1020,40040
13,8176.89368775331,996.371144696317,1434.60113718374,22520.1702691577,18370.3463989482,5262.44572604195,10814.6147315213,13.4328835662124,25.8713035194973,0.48759874840531,13.6843086393755,19.5122439740512,6.07928323245697,7.14073384601357,7.16540195543493,40.7735486736539,26.8812161593615,20.2159180953616,35.5727369217785,1.54287366260879,3.17915800372626,3.667298246399,6.31666611336745,6.0135446674746,5.70691916237492,13.2914556434548,11.9953670169071,39111.790541599,70715.0519901851,7267.27487005762,36748.7275360089,122124.403255493,129706.647436805,19485.5748141529,70408.4816578415,108349.878802832,161595.484236727,6.89313881484924,7.4477598411766,0.743244623650712,3.10092096638065,8.66635894344808,1.89299391596261,2.90578367356072,47.194140871225,9.20423921580107,15.5310843467011,1.5317837143569,14.450665360677,25.4572186929975,10.6971929429804,9.09713840515024,6.5809789265938,1000,1120,40040
14,6339.5760871301,1168.20481868824,1577.12761355705,5638.86637928211,11692.7123560766,3843.16220179827,9805.80319689221,3.99301496505848,8.86084183040079,3.43552967605441,19.8401371043688,3.55626888713189,5.62573617058542,3.94569161067652,2.48023001172443,17.008590715496,29.0593237288883,4.01113103251981,12.9036164303396,4.12282822780547,2.48701768701971,2.55035999534147,9.62632742616031,3.80014086490961,5.84062247752149,13.7835340613076,15.4826912620834,51683.0446694337,144753.185570112,102450.997184626,30097.8117801585,93838.0009842073,54112.6262419309,53064.5001349864,14241.2705324358,54472.3072126232,64884.2747348294,6.04892560705206,31.5534582022704,5.53539336414886,1.15022322309295,17.4647193898709,12.3834220024836,17.8726826693189,5.05191659827051,20.9446369635865,10.408571008924,9.10226144487899,34.5433146079824,1.33201586699812,7.52520031782106,6.78733823817455,27.7659368637252,1000,1120,30020
15,8417.06955388627,984.981216750384,1393.74543705272,10728.6760781173,10272.7840976395,9398.8288055397,10798.9267719277,29.0494309870882,10.8098375642391,21.2249255030865,2.29454527514759,2.59781400313279,9.4541795203259,14.2512078317697,11.6732545925582,8.91893331849615,31.5332542494351,22.0862062653802,14.8349610257503,3.0914335051276,8.76386259769282,5.95524222373143,16.4885946491663,9.51784458128513,6.17033152449546,12.8390325383869,52.253870754753,64439.0039733273,80164.6062467763,40083.4607067868,29593.5844877764,69538.0105483098,171414.304558901,14186.5348401576,202540.152398963,85563.6035480471,142378.009017572,11.5050543842856,13.4145053079413,3.44764619305064,0.828222209404865,3.23033741404483,9.15915075656058,7.58122424677075,9.7593174990804,28.0746893420797,12.2026944925402,8.41065544847388,68.7341257217718,7.32040646727647,9.43747993338757,36.5806311876288,4.18963299248868,1000,1040,45020
16,5602.06748562578,1201.16266787866,1274.80761206198,13317.5612056238,7826.90647433836,4210.19637506423,12500.4465039916,4.77566859400336,21.7461616567163,7.33926891278676,0.846973734215072,20.9843533066185,3.78584095415037,26.1700380982102,7.60582882765693,16.6325133653749,15.3206861357874,12.9684915029563,2.50750933603375,12.4652994675634,13.7835784850391,3.98132222283982,6.82562132581473,3.26198698526138,3.6388857468298,12.387587700755,32.468962245793,104473.84421728,119138.525104587,94518.1451045941,33480.8730374052,19232.4444138903,73611.1702538374,56397.6990196636,56265.918941649,111344.374293033,26170.8142229768,9.84167320949734,8.62637950710047,5.47995547363694,0.241800977247103,39.7285470509046,6.30625243793349,2.6314641840003,0.917163598479657,15.2871090127731,13.5519945589927,4.63703221950757,37.5002137312076,2.62488940685102,7.26916220025211,18.3770558654881,35.8205634762014,1000,1020,10020
17,6535.56520827508,978.53522479204,1616.09453971774,20411.2340940596,15828.1944654908,3370.38241261053,6157.99451968726,1.93555917595984,38.6115417684452,19.7200694093206,10.9094179567458,7.92842617288645,19.639877693651,9.15495482020347,4.81695258063432,32.1598005868591,43.9431652696807,16.9037713601662,7.2746640549488,6.99125939160471,3.31654102068574,10.0026649960442,8.08103890940901,4.58259020184337,15.3909842582588,10.924765907817,17.9009251149346,84104.7795520056,140795.568177363,66516.6655206905,67494.2319482965,59668.1487818112,105812.364398291,63968.4935815386,30152.6304287275,218896.181033385,127737.253517117,12.7155518113042,6.39627860797071,0.226432987001613,24.0286416988536,7.35293571232007,8.99482136581846,3.02180840024597,12.7830007178376,5.83207892160573,7.2265627299735,8.22576369144407,7.38460117530813,5.69192282828999,2.04802747881838,7.47784417020289,23.8216924250188,1000,1040,30020
18,5188.43042708351,1100.27269759774,1342.5048871456,16336.115015697,19298.6906647889,6010.43508861969,5744.91669913872,10.1326163500353,15.0528870033262,3.70842358776788,22.3679902561321,7.28182090132678,5.27545650200863,2.26790072931702,1.73877134288442,20.660102477155,2.52796017102065,11.9100971181021,15.7187601002807,1.18256198990181,26.5227077214466,10.6550857417349,16.9891134625477,1.97907956332193,20.3376706410384,12.0612248707433,27.8881926356462,75598.1671300585,48897.773349447,46592.4771994735,83106.4096471457,102166.761623407,125940.559176816,21709.6250756991,92632.5516607567,67262.1032328188,33185.1745646912,3.42465081405774,18.9918349486687,0.0722018691115848,7.59793341123421,3.61620420808636,19.0891366929861,1.35203573125181,32.8417866162656,8.35209273881847,30.9884304934778,11.9025549966734,59.2871010776821,9.51093885743445,2.74518807236134,25.5586385803892,1.0667757138737,2000,1120,30020
19,3510.96110377635,1103.56446073911,1340.37362381487,17888.3220542591,14104.0263522481,4983.86688162521,14166.5370823053,6.01695422254457,3.81593195276943,5.35018426328944,20.3224197366763,2.48553788457274,11.4752392142006,8.35646106169576,10.3314153174345,12.5384892954307,39.7224095912149,5.37924662394367,25.1026677287399,2.65452458726638,5.75097691940413,8.97036878024065,8.88529336526268,8.96286503793076,1.27009713724502,10.0272279509813,23.4805337934465,90722.9655591751,138240.074785328,75498.3055428255,37521.1472215259,56218.7674235186,47854.5137122463,7715.79845599452,333579.794726813,86507.6487029867,49655.5404825004,23.8510104228135,26.6097835176355,5.34788418104841,9.78357021704625,13.5444495405261,7.58872199412935,14.6601741706456,16.8676437006091,18.4350183647184,38.608554678772,7.15356123151278,14.6236336125167,12.6128423007821,19.0718197037181,11.8237849237361,34.7349715714504,2000,1040,45060
20,5007.2855796237,1070.7209674599,1223.69308210539,14856.5235722506,12135.8586704387,4590.691280833,7608.33443257972,19.0262067402792,18.9655664429902,6.96566216333654,7.15441815451607,4.32508297055673,8.16486860206267,1.96562431477268,2.86922797184622,4.90094842465942,5.36660404415209,13.8453632537252,27.0683421013565,2.79278653669229,11.337929354978,2.18856703912851,4.02812389710568,1.47108906018309,12.9507505086058,35.0563843427949,7.40498057851039,65460.2147769286,143420.505592216,18352.6290020085,123482.11114472,63410.5106906963,96034.4253325143,37923.7958723376,31445.6612794593,23100.7481123571,21153.3270656903,14.6953228155612,16.6330642311941,7.63133876666333,7.1393886303697,5.41031421894685,10.9839727464624,4.88848945877695,7.71494276744625,17.6721667103653,5.62204702492397,2.15083130322285,39.7396480213743,6.27424148572465,19.1900882609094,2.24426132851285,9.50166191276332,2000,1040,10020
21,6760.94220476989,1027.4914259018,1481.90715028843,25475.880947933,8416.99223111436,5891.90659721353,13271.4219760392,12.3729035563803,16.232076631003,9.2025484043325,6.88498082045025,11.1967477507031,4.01175277567487,19.6965373833323,3.20385171988763,14.8331943802281,16.1445682577621,18.0356697255101,13.59825987749,3.03484832636526,18.380731995376,10.4040988718405,2.54697547437276,2.55848901684775,4.49251500769946,15.0982074529436,13.1477098871005,141609.969384348,165522.766178329,12106.9885395206,27082.7013973483,89477.7501181456,52225.3337497813,69161.4703914044,19628.0689231463,115794.337436316,32020.7587878545,27.0839302831828,4.13166041885886,4.89787356814403,7.3189704927698,5.49079579573575,24.0787819906847,10.7788810253654,15.6676439465448,21.6016320486636,24.1474934654546,3.15995366118767,0.225961541670549,0.0938857783073762,10.0253649527926,1.15818201767721,6.37458449833609,1000,1020,45060
22,9429.31426059375,1056.42423739696,1282.63549500318,13676.625175889,9307.90437595703,5394.85709841471,12018.5878974278,16.8661842266904,17.5005478365072,12.7464722242635,11.371677240327,6.76337864870801,24.0017216608289,3.73406096407958,3.24727953760385,3.62661120857613,8.99951939692619,20.3532931856518,5.77281505000684,0.159872863340317,16.6024382359017,12.2003309602678,24.7575208064817,9.48699331903549,1.62583706351239,18.0333898956982,19.3331617769346,131209.154034615,62757.7601060263,81684.7467133063,138088.782238614,115570.031764474,138478.210238708,46175.3635136735,71549.2049995868,12233.0434519583,85582.4943833057,13.5687297649705,25.4792381445088,5.78331812495948,2.28849211200073,2.59120712343148,22.3484901511768,9.98143357822361,8.12929936437386,5.22084029364888,16.4033714755639,15.6392335623949,2.6927568883151,14.0354888209141,2.26002337504656,20.9670052800877,11.2564449881663,2000,1040,40040
23,6875.1677875147,1160.81861051719,1302.03570034579,15077.0945291063,20430.4869811406,10058.2565747894,7389.88147967357,10.7784276122422,6.68438135839731,6.72235522202843,26.959624439489,4.62505117645112,10.8322178183394,10.0891976482405,23.2152309102683,4.61503006999641,28.0421484280239,6.81439472942734,18.6047368069658,7.29368852285006,0.609107406854458,1.8640057557126,7.88308418163944,5.35717728177115,17.2887058173039,13.4700114077147,14.6552069168719,79873.7288401128,87512.9646364722,42076.996442809,23254.3523334631,98718.9422278689,50355.3208918022,211460.879449191,4601.05617153619,16644.1273229044,47909.1222310124,17.7763136504165,11.358385904469,8.79151584809245,6.17319684609855,16.1804119032204,8.19071788225904,4.46967072812256,9.67486218670277,7.83382798244363,18.1543307432973,0.943493127959183,31.2150950813086,22.9514788636748,8.85340284086527,9.95266689871876,15.0598247520558,1000,1040,30020
24,7952.36001141425,934.355891625009,1327.83030169462,14161.8565948626,30781.441241064,5356.84204979675,7319.28665598444,12.1452814830684,15.9894245727822,22.1671071011625,35.5052363611253,22.6466849672247,15.7150422257767,12.1394834530463,12.2565648597899,17.8089608245719,25.1034337491769,15.511016927909,9.82508553440322,0.519930949491956,2.4454829605698,15.9340518779099,4.48728474994885,7.18795151620001,7.52103073772379,1.41138000043256,18.3295468757452,95164.6307539252,80414.7274583547,63435.9977345791,16495.8554249742,124337.237769628,63487.7015946533,26858.4638344344,61507.6394256945,34354.9699089067,74854.4060690723,20.9422986671035,2.68977595161308,8.3445766623179,1.71373878605458,4.6512649142269,12.8199266271964,5.66395397624257,6.19364261897955,8.02358847054324,41.4253322558237,7.68112212239981,19.2106008431974,1.79687509300353,12.4770287152835,8.5345892702733,0.693319159231319,1000,1020,40040
25,4512.02444094512,1212.89315060814,1090.60113468831,13721.3572491345,10471.9861367727,5030.32461124396,6229.00088475056,9.44371541780283,6.04775896417619,5.19827790363177,23.7428194763124,5.43623774422434,17.3798823053302,9.97410326933853,8.32111003379531,15.440012686071,11.5314468478934,6.33777704572818,13.177207371154,9.57554403875254,1.31944031663313,6.72113993716096,7.72050708329271,2.71224273730688,5.46021774366231,8.21827824806414,17.7111983749543,85298.5816224079,126250.546647798,124089.260576182,72518.7220168293,78476.8841830188,155813.842602183,6504.14012900208,54229.8153408345,20956.1325673481,43142.1420259661,16.1556333511814,15.9612032334997,19.7732556306196,5.62893013831357,1.24146673280595,15.4997312504953,6.59518943933998,14.6094825232678,6.90404948129373,16.6336102942492,9.99348169475121,41.0883119794288,3.17559968164144,12.7294981726332,4.80982937157471,19.4616994788659,2000,1020,45060
26,8093.13978633031,854.58567386906,1318.12688521088,20901.9673960803,7948.95506819109,5063.23295565119,9084.43813520865,11.5175109625969,14.0719649202867,6.77635145428923,55.1719597413415,3.12278177447637,12.1315460483238,4.75607452137724,16.0715803616408,13.6007059692021,20.7185036552739,9.02911760151738,9.0895009230172,0.911834323519286,4.82546994527516,14.1593138972571,5.15337361610973,7.87104879160012,12.7191728114318,7.1048330626925,8.31823642149661,93346.8617896121,83497.9253754842,45248.5093615242,47349.2492639197,88548.9435042764,59489.3873026388,90602.3742893059,26690.7628937786,67831.2866976285,35308.4213972066,18.4822647599602,15.3851799637033,9.33255271348206,4.17451200315364,14.1295611671753,15.7157142982534,7.96457868002375,2.98102587121308,6.29644148321908,7.90419722430231,20.560579357857,7.69544648328308,29.8997832161281,22.9442849678812,45.9667170348054,1.41849255347339,1000,1040,30020
27,5397.01034490917,958.350170662389,1408.5977381128,12927.6302233533,22923.5426200826,2345.14465659317,4645.85565356176,2.24196269505944,12.4320846216483,13.2176269042667,3.78242069359924,7.48522951242852,24.8373090319305,2.36509462405938,15.0266413251506,9.77458195546083,20.4755731353732,3.80141631211022,16.1770657483662,5.94930879653096,4.12404434453237,8.73507434434992,18.1659969285608,6.91478523617751,2.61422781212801,11.7948357885873,11.7159015585513,73692.2821956112,99324.4879445489,74076.0399600251,40944.3850980952,110555.619953706,107119.168225331,115339.833083707,73175.5008741382,55253.9294652612,75562.5858870595,18.1446024113059,26.0842868846124,6.72713321798633,1.54723133373026,7.94864243889571,10.4566234784409,5.21805424303701,15.9010709406859,26.206451141643,17.1647884471895,3.65428633849928,3.3917264574725,15.4972996473202,9.8145798978495,8.72869637187821,2.8706563732492,2000,1040,30020
28,4374.11630448685,1063.3068809635,1761.27150885919,3093.76563552813,14512.7313603856,4080.33369710641,11644.10290234,9.32744137980533,10.40786185359,10.86310289459,13.0593263802442,4.32878812438476,9.56383953545596,0.0183198374680252,9.66893279143981,19.8991294267008,19.1559596720743,15.9036600888323,7.48748323186167,6.03554423583879,3.38797926291477,15.6960489883622,9.72303394232997,7.73914039373871,8.70708795459042,12.6421642761528,15.7426546859422,71880.4174495652,120734.684878178,76158.4792939375,98265.8070641316,107239.462473888,165592.396080427,4999.52013513035,20243.6022586892,156803.980754804,67383.2232139571,11.350848103685,29.0445086341881,10.1274001085354,9.10532039709496,0.321271040938575,25.5027383028803,3.82077308715002,29.3407274804433,12.4338523138019,15.1058760233005,7.3360454484906,22.6071833486103,10.4410339215151,3.47523857935064,13.9052137896055,4.68513435120624,2000,1120,45020
29,6477.40091496145,842.204075505046,1392.09749195769,11655.5203250116,11523.3118920297,4728.16936911307,11011.3059707639,13.160804738568,12.6344975103236,12.077196384928,4.22091769197703,4.89419075494734,2.86174381564399,11.039152219947,1.12016494002677,17.3576361301743,12.9120373588535,9.43755229514972,15.4568351501372,6.5077921402137,0.927189057835915,0.924319287097852,10.1550977407574,15.6228364456264,6.74155478045362,16.7039404085182,9.46027497217154,67703.5133042697,95110.2164394096,132445.496335264,28660.3374918953,92235.1490621091,84118.7222996899,29547.9404701514,62653.6183032436,45046.9857270931,51333.7224351332,6.48622907160966,24.5828013546705,2.70768547415296,4.06403019020238,9.08463549580432,11.7263352157672,11.7348524933765,13.373744530959,13.8874012315436,9.16261564811613,18.0419614468692,6.9922716587356,4.33660266502737,31.5178865379278,2.90507861391947,13.7360284160876,1000,1040,45060
30,5668.96603650153,785.473571682552,1531.47222330825,14406.2353251256,5874.34497171867,7793.23971477599,9422.60366560717,8.95243750829596,14.5085904356806,10.1792487233709,31.7997596282505,6.36472622199457,14.924719978704,3.24842829077697,32.5334784601191,24.8405362087108,22.0408983828781,18.3354277323553,16.3015191707673,4.52418649793086,1.1145966092899,22.8749130594087,11.6853003013702,11.5945744777675,3.88886629366058,2.86868015582893,11.3682749520387,59923.1850537493,40272.3890480064,42992.6406563338,31136.7417571602,23716.8434749063,79785.0210187594,20453.835050526,18513.9809963123,35937.6752264535,97554.9221859264,18.8249469242087,3.40800384763979,10.6084916598407,12.2642392748564,19.7841575601568,5.58007242582525,0.974265269809525,18.1094007412279,8.15193166039702,39.4092148402479,16.7227178479367,4.27468294527065,7.96295107599125,18.2156160852012,5.24504083263219,29.4851217854826,2000,1040,45020
31,4908.9260661609,1147.84103180657,1732.14238241946,16557.3362058362,22128.5542753356,7333.29196677482,15903.412698678,6.70112692353868,27.7834609179601,3.78726056395514,12.5727754056485,6.27746387902795,6.31280842522464,5.10957432093361,20.6546003039578,11.0244169121094,11.9116772853011,19.0809146635968,11.3677801555307,5.64180672623061,15.049772812163,3.75291501031628,10.4644076243906,11.4638001535722,8.42125363585514,11.5413739609021,6.67082862691238,17951.1148551682,67989.7613284611,48939.5883045198,85423.5342430597,133129.05226279,73343.1447129823,155777.611575993,16996.7757582383,71716.5825527256,60596.8607344858,40.19855314908,7.71473966891089,4.18347031373569,12.4221733615939,7.46066144391904,7.88750238663581,9.2874706345536,25.0443341388121,40.2902857485824,10.841869133717,10.3824071406793,8.65720222103363,16.0961378648329,6.36284846247773,23.9007557178201,18.9593866975932,2000,1020,40040
32,6196.2874546434,967.076947104798,1461.44425412978,8357.94723017492,12236.2266924829,3800.29180597029,6313.05849690594,22.2540148986926,57.0462236602501,11.3460831078646,18.9053194460776,7.81980157852527,5.01354278022493,2.02016542728783,4.19327872523903,28.5561864919308,19.8797032541682,36.5105803491446,18.0361178452762,1.2922627694238,0.384352184776129,2.38445509799258,11.5676026380561,2.83997522858797,5.02639544967848,14.0675580757542,13.676029188649,77641.8011498359,86997.1089363325,47695.7409095989,84159.2968870143,77448.138050185,60832.1526958218,339796.046826663,74821.6501950731,37106.0598733718,28777.3576376076,13.2432052326809,15.0447805798851,5.62500101541786,18.6630374552905,1.97406559766237,9.7943071199848,7.28152186616757,22.1054387491659,37.9836986824649,10.0838758742506,0.337003709079426,33.751492399623,1.20487300405973,0.528340930087233,14.861473581881,48.380526148975,1000,1040,45020
33,5731.90736647816,1172.10285298815,1899.41385548588,7276.05212076808,11075.2088840781,2871.99562736883,9234.6180593521,14.5138104235664,10.2203398315624,6.49405581931369,27.8307452187841,6.49425306004032,21.4297511097771,9.11884867881183,9.99696695017857,12.4605500614803,14.8070994298668,23.6240385498672,12.4659166587423,1.90642335358314,2.77277057646088,6.40800184696896,6.48050674768641,8.7662969754811,12.2706595607844,13.7085030320955,21.6869621760907,53158.0680582956,100024.298919894,32140.7424469371,61233.7514196591,178047.425836839,85305.0319684059,49906.8149160954,97891.0758399299,88655.7206063322,82788.5986587697,25.6274793301882,5.25507401194798,6.98977290299767,1.87558780213352,8.1103540622244,18.3613596711603,12.7995292663086,13.1438163530228,45.9976818953515,72.7522230962876,2.51661275569712,10.0975784262594,27.3450784851748,3.59544676055362,11.0130014444568,5.48371573124484,2000,1020,45020
34,5911.43416266879,1035.56793138728,1454.83750269885,12338.9286485073,9987.23075803088,5619.76348856349,9932.38012697196,49.2895716729696,9.35444210618367,5.9968295511383,39.8296377036096,13.2105168059092,14.3431917222982,13.0702880221108,13.3341935622088,13.2162893535251,15.120920448373,10.070950876716,6.71033976205565,3.27809980258808,9.05733258548126,3.07216910257157,10.9147282712108,12.3429529429789,19.5857481308222,8.2916591182666,31.455144946977,92269.8179109073,95914.6790838346,64510.719036864,10067.7060092083,48180.8884368355,91210.422167948,845.011533210584,35166.4212995686,26666.1920183825,38377.4371301438,13.742543986137,9.84479822782272,10.8307607743403,2.56210913380457,1.64861646824292,16.1688592566389,8.21508332832878,15.4495235145004,32.7616580745603,23.143417292088,9.14207590569116,1.48166083973939,2.94784854356255,5.21896645673945,9.25655784983652,2.06124295465418,1000,1120,45020
35,7438.88436003965,1155.45511052336,1413.80154234653,11130.1352887976,7468.24903566603,3527.38097021861,14868.4734231511,19.4353029126531,4.91134064299208,5.53352528963774,5.00661255260663,1.56698061239843,8.83001705760496,10.2180401960563,25.5596493146738,12.7448101031665,10.0612947860214,17.2420087053942,8.60446247268424,2.31207781775013,1.35736546632437,10.4620739869543,6.12759078591518,6.50391817880314,11.2441450134407,9.12810853182596,10.8745932792109,74625.8019486667,124897.917304585,84428.0548322731,73479.4919821113,69049.3340861357,68494.9114123017,76460.8290616706,67232.797976847,99179.7327132834,41803.4065372772,12.1347795754248,3.71129179787848,3.68796824599105,21.6868252185168,8.34097492424047,8.04305649822979,16.2443041520023,1.40589419252912,5.52206596643447,31.700575884812,2.63360619917324,21.840476288239,8.55692277897125,5.5759969499198,6.66086825647871,21.8748657644097,2000,1040,45060
36,6634.38586383514,1085.33669808874,1214.00406058847,1746.05891911099,14046.5758432565,2447.03789019726,16392.9236039036,8.37675806840783,10.4923329492215,1.57275450210171,8.83941594043632,0.670699166067179,5.86221814077077,23.3970505768431,8.06182257368068,11.5636798766639,23.9878110303365,24.0948177738401,17.4578605339705,1.38979035918525,0.0939769791343713,6.78508682626026,4.09645540656415,5.91634760893291,1.05988799797557,9.76423289415672,12.970631167757,117169.422505977,176196.37143856,4300.94471582306,43868.7627750245,54362.38216539,39545.0236277002,17066.1912109564,145151.214631304,66577.4211159518,96318.5278887786,24.8709013831026,21.2841197631969,3.89198356973897,0.55935123355187,8.85487419966532,11.885996472954,19.7788334070222,15.2131277767148,19.0139304312553,14.6618161955154,4.12066164566183,77.0931074934466,6.61975201376775,4.17706119505183,36.0442547325627,25.8504506351521,2000,1040,30020
37,4482.31080447547,998.838979773142,1524.98558153775,6756.91495077311,9664.27429321092,5538.25665619971,11341.7610130952,7.02370019474882,13.2526985197728,9.05535557640441,3.27992312005585,5.81833619095538,11.8671882082165,7.9175613169292,7.78206598120796,11.4584844512868,33.9032893697774,26.8851286464384,42.5539384679193,7.163473261959,6.34371568891287,4.53640337306513,6.6409543988542,3.77663169550681,12.1396978188836,3.85422460879269,22.2464843818866,81254.1460265309,97866.9226713799,55651.3405577655,70631.7406782269,87229.550902481,20911.8421389976,66262.3483400557,23636.8912409682,73571.1838230895,63355.4203291606,6.42483544783795,18.4760765260314,25.1262168328146,7.0948537103909,6.81657692160254,12.445784091163,5.80453133548087,12.0536065092448,31.5916570441559,25.743608959204,6.1874274179665,2.38040719759136,2.30482365280624,3.32001244988509,7.84307040445125,4.99784883083507,1000,1040,45060
38,5812.89473385035,873.933081634465,1131.04505853178,14693.1241646871,16965.8749894989,4482.49422987778,7426.92333134055,19.8469535440338,3.35165762358824,22.5718900440975,9.9230310085697,18.6706618252433,26.7774547765942,9.60150670951719,8.15344374915059,21.380642538655,46.8652386735082,38.1585374401387,7.9511217854575,3.57468408081663,3.84800436908512,8.2768653197647,6.76190327595852,6.75456833094146,6.02236401251929,40.6610359054426,7.60073233429934,98316.5558390765,84509.0985147452,29083.1025304657,47636.8812509918,81733.4216584735,37389.2695759496,227837.823359343,77710.1610731206,63026.8671463459,73682.5116537987,14.8673521625715,4.67932214999461,17.6141076426782,1.01382916101825,9.94723849587189,11.4284016897823,3.23989918381172,31.0399854250955,24.9960664743373,48.9642019899563,1.61858607163671,8.51764440044422,8.76704006253561,6.82692932361316,13.6927176159544,24.7954527195087,2000,1020,40040
39,5408.05944347402,1118.841705285,1542.35782710093,18146.3462475609,17433.8290758932,2704.7780158926,19117.7367919664,17.8332474677332,9.60819295936117,10.4752958442338,14.2120525627194,11.7645929371666,3.19248733835155,1.19294120991922,17.7414972616586,24.1938241791323,25.8009895344886,30.1052178127705,3.68627125824924,5.52125343893846,0.1702389392609,2.67519026743521,22.1960574692822,7.50295685319644,7.7373879235602,20.0591480814548,2.59666424285998,145126.157175362,66536.0381378321,82715.4678802834,60035.87731778,83667.1736602831,42868.3758145385,9619.92559068072,56995.5638531231,55975.3326071802,78502.5588025171,10.2343075552888,42.5142129373312,2.83805189144377,8.37059202478697,2.72369677007264,6.72624771718953,11.2775855023368,6.36372953466498,16.5755760134267,8.97996281221161,67.3955066008338,12.9908330031583,24.4868964392309,9.6082469441047,11.0765930270997,7.80422040401816,1000,1120,40040
40,5879.64138361371,1135.34354795888,1372.53263510746,15301.1878085736,13931.3190147705,6707.28507004158,5898.73370194227,7.7905836254292,13.0240493538839,25.3756341265644,12.4017784449347,16.5052943301681,17.5702011440968,1.45629287470502,42.6037946620902,28.0147402024179,30.6533821930643,8.41894615127423,12.5954898267128,5.31928739002895,7.08220116194736,7.54556704189347,5.06821231354617,12.0458721647235,16.7606232312928,10.6884403055286,4.62975455940007,35389.1593032776,89672.0526387137,28094.5674432927,129912.999350131,35375.0692053099,88650.8489171756,129662.435846346,34490.5161673944,29948.8154792607,24017.0223564755,10.7656674606067,8.02250406073674,2.33767676205024,3.45535584006543,5.8517925852535,3.62379359090732,5.30160022353064,3.72027321872301,59.5852105182836,11.8865752381718,29.9870834303681,11.1999436751472,3.50141731898762,0.91901235433897,4.37638119531712,17.187030755585,2000,1040,45060
41,5446.85664312088,1074.0987196959,1277.33882802644,22760.7507872319,23929.7389196816,6106.16691912143,15081.7050105053,38.6642006600695,20.0183007425281,15.1738549351619,13.1223755675976,2.16485031335338,19.87692394965,15.7982510332747,12.0687592635583,9.72796463262846,17.8537749405625,26.3220964953955,8.39237703468786,0.267502091577181,3.96432387959878,7.09307431961443,15.0172915184309,1.95448341513735,15.810469294964,5.04177796949231,12.8701127767732,158743.216525544,91451.1377675193,36466.5863647531,52692.2970166365,71895.1721587123,80411.0347839155,147636.632637425,90274.4219791823,24639.524949081,48989.2633505566,10.2918961997278,16.9304382918137,12.1677295284702,20.9360690657634,3.94416022827629,12.0855015746434,6.11673069968585,10.5175729772801,27.402206962321,36.1080751704847,5.62816978734761,6.21304766887433,19.8929756684243,6.99702096288181,9.65938134665263,8.34128885803086,2000,1120,40040
42,3762.94198927884,931.816119194367,1581.68009513372,47691.2874252205,13747.4267581637,7607.48397481457,13583.1312563928,7.35641883723182,20.7413314437841,7.24529849822732,7.94075295189346,10.2157002003632,6.76397489426576,19.3183796966449,12.9003351525561,34.669842819617,13.7174615619254,9.5093041180759,17.6780507239132,3.46924706586756,10.8186240096733,6.86769036974071,3.7541842729956,6.24857207053502,22.8164079708806,7.53349246632422,3.61302806990632,86511.2330965611,152233.532551176,19569.7469473553,45443.4396023404,41071.0991911806,61960.0944718143,1878.48674551478,105785.451785811,91215.7220847862,50517.4912918476,12.9953806211602,22.9331459148913,13.9984539632208,26.8568925264911,11.9864285782915,9.53939721108235,13.2237572233115,9.28683707603406,30.7846252459623,17.9129892921103,11.3290514902746,18.3916213801184,5.36996028635954,5.32661651758625,4.53181069345925,9.87061550642055,1000,1020,10020
43,6113.38312993558,1143.13399816996,1465.87542324155,15935.2192926315,6993.86502259183,4050.08453736982,4071.91212996982,1.00950316197369,22.0880480375689,1.1407542970317,4.96997548797333,6.0599550291736,16.8024270894142,0.909490397573771,16.194037791516,20.2047524805482,9.25433968040868,25.391499254853,18.8869710740398,1.07777337737019,0.765524313402434,11.9813504812705,8.45112613114876,9.77571459922846,7.70469803484207,14.8738168360563,5.27761393710961,84824.6074002742,77282.3139977272,118074.039128844,34264.1516346554,120476.597225712,95183.2596412254,72928.6074359361,103222.847902753,96612.2211781181,34691.8991753532,23.4198851544072,10.5021096007666,2.98481063066241,6.11407669334063,9.02999011712294,9.51899919425673,4.29103267768896,2.52682008285836,3.18358863572773,23.5100748601389,31.1943338730738,50.4286268633459,9.58898962480145,17.5298215222898,19.33349871869,20.7021057130898,1000,1020,45020
44,5467.39355369095,1058.55839136392,1370.68801805066,19909.7995440814,14410.0795789443,7159.99907117468,14638.4487578742,16.3507346895203,16.6074127246058,9.67801281577134,15.5727885175246,4.71501927297785,11.1743930824363,12.4956044694447,10.9539027894116,29.6693447554411,60.8007687198074,20.9696567250545,7.66755800420382,2.67168453562309,1.0486176738907,9.50965875291362,20.1092162476151,3.29014563825046,14.7337274218827,23.4470734131094,17.3795154577263,213876.935592699,134868.710355079,67864.1080747784,124981.84137202,43260.0825606912,70795.4697429222,102133.377823048,67057.9813542343,43514.1001861719,47035.9325305309,10.5457484693817,19.2722132086357,1.09882207832278,13.3260083456628,11.091764778071,4.53802321016281,6.11904341440732,5.16294945177579,19.5595457425309,28.6626189272109,5.99553139972737,46.2928510136823,0.540886039428477,1.82162006178613,1.33179353541355,12.1714548383941,2000,1020,30020
45,4431.6470941821,923.419586026238,1257.02135777623,3809.29065429186,6589.68124681117,7952.06445910952,8382.56544977877,14.9439437473387,12.9084671843678,7.4790048397614,13.4837220024439,9.45272491593919,15.2485499352047,0.350313190120571,18.1112318310881,15.5500672623438,7.0594214020859,10.4126175070992,21.1441588230157,4.40255559039838,0.68803995405891,17.3652760303611,16.1220447990181,10.8868983000846,4.60581128478491,6.87239297178604,13.7682104302319,102342.504234994,88180.0254704961,213840.750512408,21548.1999037836,96756.5788552835,82846.9909208486,105070.285762165,43895.8604740786,28785.0987042375,82200.8398129673,27.8119665467256,7.23270881988338,13.0563162883956,0.62569982703705,14.9616595429208,6.17356191914716,25.4191595861249,11.6705817009113,12.9821536866535,5.26789950962257,4.40856897486675,0.416795434925448,8.19173027793299,0.556927440064883,7.1216398283137,11.2066060565699,1000,1020,45020
46,7142.02843937317,1243.73221661822,1146.86205569602,11432.3313185237,21191.7199563376,5194.60844749391,7736.53144613057,11.2745317699684,29.9013662836417,34.7462750000638,6.16030026310323,4.9220299518719,22.6387827449248,6.51293744344177,1.99321105725225,5.21151653522659,22.6839731958907,8.39222884083543,24.1191494332113,1.15430644465297,2.1890515101282,12.8097459721732,10.8139656555505,6.61983143146427,1.75948909549741,18.8591186746835,16.8314929097655,91424.1324916387,208617.747305223,8873.97762678734,25912.3668951816,105979.426148961,104213.853656792,54334.3895834401,37168.3789110419,53289.9298966567,39681.8636325464,20.5108694577093,14.0333852687141,7.73684050358145,19.8470392208302,10.7703048072827,15.4178109567389,1.58793663017346,5.80988175715352,15.8060407470388,3.05571910116848,5.86615594354386,2.14426000071527,5.10445504229506,11.4712576892558,5.86037155001243,19.7840975814092,1000,1040,45060
47,5097.8100262037,1067.14154691568,1435.42678295924,4517.57854584714,18735.920893915,3582.17563880847,9703.91443493882,6.4847655207808,4.46879759427779,5.49998090667683,37.9704242038409,3.37131141094349,14.4766715989773,5.45055298335639,9.54079259478742,12.2478668154911,23.1401442963876,20.6846628359117,9.39479393635856,8.61435797841472,10.0983180555392,5.01518370616789,8.55758239183777,9.18820073828332,2.87663056866266,5.34142259484763,14.1130521892532,76805.3339493061,100862.004826667,33698.8074559466,38375.7818516386,130761.778633582,118475.802403042,3303.84363349972,114558.270694682,113974.920638317,70047.9008960935,17.9623770978022,12.1220792782374,12.5280072166954,16.2336914075444,7.22357925596664,14.5918491787258,28.6238335754651,5.42027992394886,17.3326864810919,14.1178036448019,3.83314149919816,1.11663370615308,4.8915401675879,0.888739014258608,14.6263534658658,7.51830200086586,2000,1120,45020
48,4283.67912714559,910.583049415748,1515.82777503572,31427.0741586754,9810.6749117191,2959.8079104536,10238.2114546447,6.90373604096069,10.9545922527138,17.6275801151553,16.5381033517034,9.20955893798179,10.621650278161,16.8032556854653,3.90141056966611,2.55909949808817,8.51578193323823,14.7160795438472,10.1519833080735,5.39353094061747,25.6120685583497,8.41697505969138,5.00945536966632,7.6399079171895,4.06939460316712,2.01422416871107,15.3068881779653,119397.242257515,110427.72067269,39573.3691321839,41815.1331783067,75621.5127966495,141120.296224927,143.520292658803,82936.7611559271,47863.5556473679,86443.1785083558,8.49011291248341,9.70492975914391,2.52200798205511,36.048059569128,6.21593148658085,4.44175287187741,15.1139634069791,11.3973725132435,15.6184231481389,16.9185211181437,10.6791872928127,17.8403286862589,4.55445627617446,3.18231797988352,6.41960120483136,6.28358225079407,1000,1040,30020
49,4544.86922090792,1095.50502738267,1536.90978135926,24940.7286969391,7276.38238569,12029.2780608937,7914.55953180711,5.0123738118774,6.17819773812363,14.210650916587,6.04947058297148,9.04869366528271,5.50745030855422,4.78022864745975,9.22812622207852,32.4793821933835,34.3720090562462,7.77973226660366,6.91532840228481,0.473876620806755,0.0462505110176771,4.14348837638633,11.8197677843336,5.23020663389614,3.08376881984798,22.9017926777187,1.43523132088934,121124.756280903,92854.1450064589,108559.311802284,58229.1071799737,30960.2010487243,69830.3613599049,60255.4934507716,45467.5380179629,61312.0368662645,8808.48076087994,8.7720460057507,32.3638839687781,3.79868065888006,30.6497140910465,14.3849332670119,6.636011058238,18.432640710654,11.8597137345348,2.60025364753824,21.573090314149,26.6088782948729,5.41980256392086,9.89038183928413,10.3694218415223,4.33453071686085,10.2990363680318,1000,1120,45020
50,2369.30494628436,1112.94774781657,1184.59374772732,24671.7660273626,18083.7445376911,8126.35102185941,8463.14611377041,8.11406292199286,8.28105981053189,18.2695619113234,14.3529094240679,1.95298036564738,15.3451537913064,8.13004073406483,9.03278738939192,13.8360009836743,17.7395131577125,24.4919191325282,5.98625494332898,3.92981564645864,2.62481619249115,4.82191360397992,12.9861010927463,7.01473990728203,23.8129594268945,3.44087697844558,8.54260094788547,76194.6166567995,111835.102509637,93187.5179462318,70979.3430262751,56635.8682154545,30433.828768563,42879.633719757,100312.955258281,50813.7589094958,40235.985660675,33.3994024476798,14.3543797446374,0.613649404938585,2.26096374171638,12.9092032356498,7.1913923505997,1.95897845911144,7.24649547860876,16.9115666459782,23.1011918372884,2.06269130327531,0.594787628429729,14.3240509608978,1.49327679576587,12.5631726801074,3.77110171464303,1000,1040,45060
51,6217.44798277537,1207.75196041459,1491.02828249995,32622.7886845392,15619.097487741,7230.54418210562,3709.24436604054,31.7958443659798,13.5976740011334,18.967779371112,8.20754890662617,8.22506817173585,8.54251092760099,5.71891939769541,14.2909781477016,29.2183024960481,10.5005454486114,9.14703096137007,22.1880814673597,0.868365201463455,6.45414864166434,14.6358769516024,12.2645222481116,2.95898529185706,2.07442611971222,17.802700156442,9.35985747791886,66496.474597818,59306.0728828585,63100.269549343,66045.3069261945,52988.1506566233,67473.4752321193,113101.286780112,43147.3632071998,18308.5686650522,34063.0286298394,10.9993872712557,7.94518548025162,6.10182767171833,2.47156931269112,4.28163227866357,9.34161788462406,4.11132880727626,7.61362339288047,12.6332411583684,11.6232281497746,5.18549525455936,9.68969603552062,8.95114477496483,14.8842176502458,14.202173245653,7.01675861319371,2000,1040,10020
52,4999.06293434323,1047.87308567518,1258.21033016845,10068.6825936183,12919.7919851197,4494.70473156804,15357.0846164297,3.26236732177405,7.92083111848618,4.55024654649378,10.5121331236997,3.75739555505845,4.72960862083513,7.19899464444076,8.76522036182583,50.6286688081307,56.2937898968974,12.6885518969867,7.80402981839159,2.25242040238488,1.67198893864569,3.34957728760841,10.6195085583506,4.17752062021557,5.53384311768908,8.67364079800473,9.7650930550636,96252.9508256576,106809.710580412,87741.510321643,54375.207134174,75869.154272842,27938.8013924932,21243.3470273323,88672.8579625642,41333.858707662,54051.9457330101,15.3753681199194,15.6997163568056,13.7275438107701,22.1247553894199,5.19168847642105,4.8068828150273,31.5539417392089,9.52692266203835,3.99804493533763,12.5594251678344,1.72613323481354,28.1309444843723,2.59116855703378,10.128284758579,0.898806457223131,4.38095246791575,2000,1040,40040
53,4721.63953351492,916.601033531763,1365.69797418826,12058.0488606132,10776.7398812202,9265.43148184452,8726.61006513673,4.24133063249518,9.8991199895992,10.4151210709687,8.71279795980177,8.85435345532808,7.42522415183977,1.30165397494893,13.6723686587855,35.845269349565,27.5614145045339,13.2549688178265,6.33859934688729,0.396419509794913,11.7168875695574,2.96289656327822,25.9800446863207,6.14797490613414,8.55351724847084,24.2715782531577,25.5233022779979,87740.1102994095,94284.3284298238,142598.984514778,89561.4925191517,116307.65704794,101096.265372846,8555.53463762451,14672.2847138711,70876.0623407894,30447.8229771497,8.87768082099732,38.0034340431774,18.1188967283288,10.4911249094662,16.8243903896266,21.59031105227,2.57946227841529,0.38153254136309,7.21137785964826,9.5501187936045,1.0775140609463,43.2535862937264,7.69592693012227,16.6035157164116,8.05231796077962,38.8349235130898,1000,1020,45060
54,5321.0057306479,884.767294474448,1570.25532150118,18875.381818158,12763.3423646639,1397.48869524734,10499.1104349774,5.5823230175135,11.5782684039285,4.32942917258169,19.3452709901128,1.02218803009953,11.5850921571701,11.471497271625,14.0938480323189,19.5391348749902,15.5278112433881,10.7711587863773,11.8789383833084,1.67601755962238,8.13673890071661,2.26541198045653,5.32226004687356,2.34460136777854,14.2054724896878,8.47620214677994,6.10697641639535,125675.299968818,89304.1892587578,61761.1900156082,53688.9126847103,78887.7260004794,75319.6197852495,33587.2238469508,24845.3361220944,94006.9690155197,36629.4746306774,15.8387771440794,6.69844817680023,2.0990173553709,13.6284993988963,10.4677760609305,5.93233933515886,1.51716449844129,3.42285474646574,19.2198068152717,8.37041310468285,5.06765151152744,15.1570785935774,9.2993829183777,5.47078885882989,2.18207108803184,1.36487526449207,2000,1020,10020
55,5225.69143825,1020.15450665276,1518.79397972367,36770.9707640039,18629.9993631822,11105.0070544218,8532.82494130296,14.2420431088561,7.39595580951418,4.59082081996106,11.9669628298669,15.4935385716211,3.4668941729391,6.19692672886324,18.7089710083859,16.2801318088048,24.6568486969951,8.76459707257555,28.8001586052578,6.32632007668657,9.71755731100814,10.0978897811312,9.33884885100463,12.9692563494098,5.35343587946559,16.2436241305737,29.65698761393,80364.7448475124,58315.9103555341,22547.0709998432,12590.4900625839,100505.729083568,76872.2915025859,5809.02258633762,33895.7297269348,45938.746347717,76376.1829660904,12.4085832268426,10.8147037046203,7.43535498396145,8.13963692456915,8.18184526978412,8.67879811361434,9.48649829523752,14.2287575782419,28.9834578868113,22.3262010851766,4.76294878998425,3.58911104147374,0.992321667617457,4.71773517580874,15.2515654059844,14.5242481255816,1000,1020,30020
56,6328.8354432751,1012.1727916004,1422.50214251446,37752.1569533423,16581.0059260545,8379.84495824926,10343.356357355,15.6991260548915,17.3008322207359,16.0484390244148,3.40221030457056,6.17611125721254,22.3026994915645,11.3000833844983,7.85098126950056,36.5850856664016,28.4028531628689,25.702423202662,4.01112007139846,6.14169405278128,5.78927014323029,7.67876513498024,4.23273851216381,1.12792200879179,4.23309689025363,8.03540764769155,9.09472148693059,178940.065664609,81501.2178257337,38566.1457109714,25162.3976822306,103403.642985971,90045.3331830484,17380.7919731477,298201.078571884,28158.4313015959,107871.900296394,16.0880904741798,10.1187164927244,1.41649791952671,17.6956736804035,10.296465910463,7.52018212901341,18.9211612878933,17.5466711575192,15.9748294188123,13.1579775118937,5.6893713221373,26.9254138822057,2.7712133524889,12.0393899605492,4.15045300172871,12.2637614825534,1000,1040,45020
57,5962.19587940307,1045.33903727598,1208.97574604542,10859.5763917042,8273.20467666991,8755.16621530338,5470.66087054951,20.3132778811867,18.1426044676936,11.5709536458973,26.2894148815555,5.85954778911487,7.27578610797786,4.44172782277751,19.2772458434491,8.62270997869138,26.3034830291778,21.7311174391533,25.4738471345128,0.973347914442615,2.21142041937822,19.6940016128163,14.2927781087998,5.79295175896513,13.2688800589889,26.7876114127893,20.8042665572806,28558.4134355478,74012.1078682938,56885.102011214,88528.5269182936,113676.658194438,86369.9273207276,39984.0307819914,168121.186650699,94591.71284943,38451.5124516686,26.7573810774846,9.44578913086649,1.03947075043243,7.77879268286322,2.32145669614964,17.7271213609779,2.17179167039595,6.84143891977878,7.38085164827318,15.8964758701308,6.86735901927208,57.3168636755739,12.3779961273174,25.9068126319259,2.68153749691075,15.8020540015539,1000,1040,45060
58,6983.5148179455,1131.48784030047,1737.65199844417,23157.1389805601,10125.9450726538,3136.58526921014,9503.35446548331,11.9972719094712,7.30177519267655,13.9207191369358,9.25806994916432,9.97852349665041,7.54047212623592,0.609849039111739,10.5065923996275,24.5894154041191,21.2436444792429,17.6437166376839,14.0226742525896,1.81119475288395,3.81363847947308,1.57624363888383,13.8634253840801,5.17797918640666,2.91930650568513,25.065956944898,14.0555228073999,89106.9777906961,129627.943497467,111454.301750955,101733.936409894,95521.2233967964,86668.8962912269,94610.9930237031,173032.110577616,84231.9774735396,71461.8880740782,19.663017216527,23.9305873423622,3.93943435564393,2.10648795176436,11.252770930081,27.285713402873,5.60322214024416,11.2154159001056,8.95312443542624,22.6879395155929,2.85726831987065,11.5225042264107,40.2256908056684,1.11938140208735,16.6410427743787,9.24107569719333,2000,1120,45020
59,3985.13453791255,1087.60339440953,1352.70659500611,24068.0665467789,11287.0759590545,2026.61189481423,7503.77699371896,9.72435703121941,6.98537824822325,10.6822973509385,32.9015619870178,5.68300485967996,7.70025750903426,8.81369427318708,6.68145106770176,11.1594359241235,29.4765067281409,18.741984325494,14.3372802181532,1.70513248474309,12.2323315958088,8.56931188198066,7.77497560465655,3.09518813477066,11.4671930307283,3.56946810736926,12.3909474243457,110484.032896713,92551.7037241783,57568.7974366227,50462.6228906302,65913.5895848435,117290.501866981,62761.0856710262,113596.432985757,38407.9605438443,55964.2762104687,11.7246038006044,30.4275828413297,2.74056225071637,3.21781681386194,4.89441711196895,19.2235677818188,8.76063392440033,5.87069640460536,9.33020784483578,20.7916801277285,36.1895430381209,9.13328577639169,8.37334002922918,9.05087748317775,3.64818431965282,5.18300957138758,2000,1040,40040
60,4600.94190276351,1191.20718561364,1801.02925993177,30686.2094172103,25840.7068712523,5724.47301333081,7058.87732325827,7.98970662984861,25.2363907728677,3.29680288383628,8.99546465506658,11.9559683213294,1.71017572751751,12.9200279485019,11.9669545524185,38.9516143208589,13.5661589919565,8.14270997246373,31.7841778214837,2.35158978907163,0.337604925348323,13.5289854408908,5.65344731925663,11.0716852690251,0.661471792056724,2.52629239245206,27.034408567584,42890.9086661862,155277.586940989,30974.0321710527,42668.6142220045,136720.014821098,102018.73213788,30004.7104261098,47423.8650367993,43776.1770826077,68929.270491498,17.067490121419,6.49071535525093,3.19275532663546,5.26812365353919,2.83685059766443,13.0605670657208,14.5489580003149,4.52036682947025,25.5817079144658,9.76732862511495,12.72178928931,0.814404659678149,12.9715210580222,21.5755011702776,28.3937985437934,2.65536181172827,1000,1040,30020
61,5539.54597805946,1098.82447587502,1553.35491108868,19573.9784009674,12714.6541879526,7439.19563323059,10360.1493338157,3.66659852897969,13.3457743877753,17.4868333086607,16.7661826118257,12.5313658908567,13.9893659460736,18.1600250761183,18.9159652496739,41.5684823739632,20.1870271680671,4.52587245608276,4.6640612793309,0.733045952117848,0.251517987661266,7.76237468704439,5.80247186368077,4.99961144475167,14.9120934397758,10.2199176408631,16.2110833823377,69727.5433543478,160926.458877984,54609.6635163313,18466.9492355165,50550.1467709888,74558.316812317,25701.6213333159,6944.7731634277,65493.6336923372,52154.210661067,31.6402438890623,13.6731959854865,29.4932858934433,2.80712674882,3.78062775383985,16.5828420419489,12.3922594344253,2.08396659828871,10.7366184097689,19.0097403492854,6.49888156562107,10.3675345730283,3.35045888479037,24.7861809848905,3.30603856566862,7.28655673532976,2000,1020,30020
62,3634.02362494221,992.830828264866,1499.31727779019,5166.57290833228,14839.7202877079,6108.16409272107,9586.9453399726,25.7678590448571,5.55444004869267,9.44216910919536,5.70808085576017,10.6670961341233,9.28653609211777,5.39135995567791,4.02067649649315,15.0902296858274,36.4659770730105,13.5633055244261,19.3223694162833,2.38675773494506,7.44771879288051,4.74257376967496,9.99034270703636,1.80452136681544,31.8830846952835,9.91770166009577,20.4665238093826,62392.2819025405,172898.253035899,114653.810726326,113676.948570141,143441.440572091,147846.394245609,18009.3823619583,10527.0736751371,76616.7038731225,31439.5711718267,17.5325971055187,11.6887458652688,1.9582881906199,9.31071344962923,18.9979197709373,18.5484295877999,17.1398277515964,8.73490850201403,36.121054154809,4.14534161673205,12.4382363416651,18.6158100721175,3.11072318852162,30.1532406695706,4.00093504383988,46.0396072571686,2000,1040,30020
63,5586.41328695656,927.865586832445,1496.06932274635,19261.6874152015,12462.0366473993,9969.93695549933,6943.6124488928,2.91245458215573,15.836038779841,9.70718205007732,4.75483513341783,21.355991494871,10.1925234479107,4.1208523599196,7.01257831962066,9.45495791028947,6.61797338614072,21.5378081493327,10.6904953381944,1.45369395760067,7.34082945210607,1.36305883231659,2.25348099239749,4.33729953145523,4.36339009239188,31.1489125089279,7.82490962845224,123005.185494607,113018.396893779,50813.6070795803,49687.2406471945,71073.6402437367,64715.622908536,28001.0801518184,209624.386289253,105807.600360515,79556.2992966563,9.12398940693253,11.8080245702158,6.29706055002721,3.86888817244251,4.34390055544249,23.4210768952563,10.972744491008,4.71985840024584,4.68692026967657,18.6750583469717,6.81093822316979,16.0090839927602,11.6387504733939,0.15339603254843,0.489041447909659,25.1159415861121,2000,1040,45060
64,7229.5073506555,1235.98934399899,1426.81393976975,33661.0490958096,10901.8434670936,3709.93408598347,6816.9560426324,24.8858502251468,20.4176381023828,5.00840816302392,16.09352241481,3.34709379286229,17.8754876786238,5.56152692186425,12.9493031639095,14.22215069542,9.91366273940392,17.5573965823549,5.64988547559287,1.79105769629551,0.48162298938802,5.44023122669379,2.94538451584862,8.0752087624284,7.93584642646367,6.70550326477813,12.1996696316992,149619.240195131,130906.812599229,85938.1652649158,75218.3291092856,54124.0842074875,93253.0435286642,120123.267771206,102596.630939622,47042.4585132765,87727.7604763613,15.3931005449111,19.8603537343887,0.786240995947831,4.88071049974212,5.23530778795055,11.9460330887009,11.5327764687241,2.75183831860008,20.0043762263148,24.2655792999845,16.344524378203,3.92981132740476,13.4247427744321,8.65473590661572,5.44818016555949,20.477125109299,1000,1020,45020
65,6405.17096046431,1114.0085783826,1633.0757960339,18554.1113405526,6196.71510479176,5148.64920917301,9280.41579037142,22.6829589214347,16.934757762933,12.8551866847342,7.30779018549859,8.39211655476207,13.7483729512393,11.8827221862973,5.27232195413817,7.3630113367374,33.3434937143644,6.16280111226309,5.18329658813896,0.590802549757497,10.6410336951306,10.8737614538247,3.60946782796112,6.37985802551032,3.21992342790882,8.78857843468173,24.2009406337704,88757.6227622805,121632.630353707,69472.2817772224,106902.871778913,72712.7636358454,111257.12232951,2781.39321853278,51404.6964879195,109301.49382289,44856.9036123672,22.0084602219006,8.95023634333779,0.948014141574844,3.62739718038401,5.58384429201034,6.94997524110393,4.28393965282349,7.95376503187127,11.0062048389816,7.54424503593191,0.256578614391116,4.86942649121524,2.04432273962567,13.3101342261983,9.79246107485138,2.49427912287907,1000,1040,30020
66,4124.01625413522,1334.75116448921,1597.44780353318,17651.0204355915,9881.06892040042,4794.42361804008,8823.96211562891,15.3482336744176,8.10839340698447,8.3946758309925,24.4513319939811,12.1435293054409,20.4511564987654,9.4392491464233,28.0040043894992,18.498915819761,18.4152869720533,54.9914642102101,17.135153680423,8.34991528794787,8.40995493644773,30.5476775401003,11.170879187344,3.47859983099021,4.72562088568475,36.1178904429742,10.6165978224721,83178.2224008338,75657.2096276478,26479.535035923,46353.2793827259,81581.0450759548,143234.929825894,10717.0727087756,138885.176737527,124220.133033637,42227.7170116661,29.6241768389376,34.4843785772381,5.02169313268122,17.0491060947695,2.99728019590813,10.5496851305647,5.0700721691938,8.57472024854408,16.9604565066086,26.4276266037609,10.279447739965,15.5091229350373,3.87390968129929,13.8984721731305,7.67566787998985,1.70044758783091,2000,1120,45060
67,6052.61309622436,1121.70713207438,1473.25393136989,5372.95963593166,7643.80663546713,7108.1253817645,9837.24206947664,11.702096183487,8.73218165702828,3.49600845058231,31.6022646966348,11.2973572819269,8.09165821044569,6.05462181487209,8.45820610846183,16.0607172049473,13.404209636551,24.9067457391237,3.54233260502085,9.12709587326453,3.06603110752985,4.17522913232814,7.41012983780205,20.4803253863882,8.97432927629495,17.5397695904632,8.10025882466502,127928.022222607,52378.2673694428,23426.1874236654,24880.0564535035,61058.1470382628,83608.9900584818,159873.972914593,11830.1541103494,80130.5257272642,83997.3918440735,11.8664169685107,20.0633839266617,6.40885133779374,31.2611797708587,4.78671131692502,14.5273498425625,5.8867156340858,3.89176549859552,15.1289990565105,11.2686358553136,6.36373599870099,37.1369221949892,17.3168781613926,4.00497674490526,26.7672824781667,17.9018005848044,2000,1040,30020
68,4013.45547580509,949.594398733169,1646.03502177938,13195.7195812887,15590.4118006652,11252.0906570896,12521.3147101556,17.5555570961762,11.8760139176178,13.8312507246191,57.2303853031163,11.6359284590032,13.241205081996,6.95519122179895,11.3670821387629,13.9683695615591,11.1093794679553,40.6586389976926,20.3160503941433,3.8110573971309,13.3578797749751,5.83940866969596,4.33201119599214,5.06799535048767,10.694279110211,11.1983744540944,24.4827666296278,153335.05276609,82447.0860008872,49490.4825762026,34587.2432678835,79772.6187408406,76276.0250282978,15851.0485519223,4653.79134246821,104237.062167547,99804.1963060765,38.8519317129456,20.8219988751243,3.549923857077,6.61748792627839,15.0277850221851,17.4154835014239,6.38947809513897,27.2377619579531,30.6462114519417,30.5161046041653,4.04950793550936,4.54601110931822,22.193004711487,1.73556647279531,7.4284576585093,8.0000033497931,2000,1020,45020
69,4619.71632858799,1036.43759112296,1476.76914767272,30421.066512553,17505.0601196035,6349.28042211539,6611.50296716469,0.376353925643973,7.71682242595472,14.5620277453423,1.06173524450645,8.56069905314885,13.0329069718706,3.87001197024768,2.20812462738021,45.0995831491238,13.0696889456154,7.40741456026477,22.8755402097975,1.59585101197583,1.91087588298086,3.43813326079657,0.777497330475286,4.66644384749723,2.3672965138345,5.71804934329858,10.0112448157186,70771.8247569899,61667.0531654757,78240.3881995131,81257.040489168,206629.34597933,70574.7663810084,465.847663758654,59875.2273962391,49114.198926561,71968.7378712093,4.46054509007459,17.3657083063066,8.26900297926553,6.76496077591223,4.15244041983439,9.74596689243246,10.2692250013359,3.21005822322861,6.7070497683524,17.5222800226457,8.76289932120313,24.1578476055478,11.4912565592488,13.9714948219669,11.3706458593648,50.2921641936504,2000,1040,40040
70,5521.74237420555,1300.94412325875,1061.03793527546,9076.48618544097,8896.69366377495,7499.17676802647,11888.8121254514,4.99753302925403,6.4217058216845,6.4423521702471,11.1803507199859,7.62104619312752,2.31840676112462,2.99509051303919,26.4115871837163,6.71949152502342,49.1223528669856,16.4272555718319,15.0784578379371,2.5040654739075,6.65687461821818,1.11111914602223,5.85712664621702,4.86420561549181,1.09347233232031,16.8404550998904,10.950405266699,50527.1020717892,96604.3921468768,80028.8616572264,56318.4493101207,27745.6223231176,51873.4708986346,31701.1387224561,226019.332015287,132348.274287652,65530.7661641698,16.3459830757346,28.567835328218,1.31412652407278,6.37428409466649,9.44500089638371,12.6310041876796,20.9105021053581,5.54734924309962,12.136511110039,10.7825576440376,14.5535102688937,12.1398928631294,2.44605068982707,8.2109377723489,3.13240868510603,44.9169851148874,1000,1020,30020
71,6591.87439987624,1069.78870836803,1693.45959300076,8852.1760741484,9468.42613939389,4420.41723010582,8605.59841860725,1.2554791661441,4.09545695082733,1.73588901971198,6.48960054239227,10.9621494692877,7.91887209135434,2.73211718891016,5.60813252601681,17.8202298206373,14.5171385672723,10.7815863159898,10.9188157014836,2.15954143896023,0.885486615386203,12.5012230965474,13.4229233881399,5.69473171847955,3.47230848688796,20.2240440393283,14.3134177583669,107404.524935071,107592.737785484,60245.8472832167,77471.0414379909,108730.557015147,81498.179961457,36376.6439060754,76316.1522062421,75722.503633058,69217.4455675137,21.0313875541024,22.4798525941061,2.08160376015575,2.71745671278121,4.52800333616186,4.90389526875462,22.6646349989174,19.3882697328552,29.2819447099065,14.4287844396489,4.95272550915083,13.8193752005863,10.8726940829006,5.00334876583998,4.84065766706201,40.3364728137602,1000,1020,30020
72,4653.77587397673,1181.07052072064,1637.74481020646,22021.5524676524,12331.64502851,3041.49128130636,5434.37041155114,21.6827271854631,11.2275487541918,4.22369747208393,20.8757654737235,2.77451514245732,8.56735385095663,4.54626967973026,14.7016331561251,14.5748662510231,15.8917359994877,6.57234708778371,11.514345852345,1.87895115004045,9.87061484602528,11.3201328356347,3.12442209024809,8.41854474990176,1.94772858262067,3.07627054016476,10.2540160359908,46669.0440019069,128764.027569489,38347.8353377352,148204.16157057,167298.441941121,79250.3370479834,1141.3747679703,121848.978593659,77726.2955417732,44722.2051637385,29.3509960651176,9.00106069843122,4.67654354094136,1.19808544129711,22.1340624907201,8.444221617152,10.5658147480563,20.4571197344118,13.2528723293755,13.7902308238575,2.81215565756184,51.118913779949,10.6502169361237,16.0520367163918,16.3933549601807,26.7243724286487,2000,1040,30020
73,4950.11451610812,1232.83868894611,1422.02019311417,26694.103482966,11365.4963011555,4847.87081127857,14370.5347874331,7.54407653257754,9.40522543366355,2.04229656897082,22.7749747033072,3.07127342605437,10.4606780455743,6.70312200264586,5.05168520016637,18.952948636213,41.9733054233105,16.8301199983147,27.9083812344572,7.82780032169,5.24365186181215,8.60820288710532,9.83262543072958,7.26326336501774,5.24692827260011,4.77281419437969,4.07108249300798,56829.0995938125,64528.1072721942,29546.4130999089,91346.2667046459,60177.5923711205,34787.5183817224,6609.381328532,148379.052898548,32365.8634935663,53095.5193745756,19.7947701744136,12.6955806114265,7.20197464399921,10.9854990134004,4.04536845600571,4.01060193651013,9.70095627589068,13.6608873851516,11.3990998132048,4.36450600072803,13.61902493403,28.4785837204868,18.124690624273,8.41011515146333,5.73534272035053,56.4608307946122,2000,1120,40040
74,6821.35967663873,1290.1359377099,1397.09011990942,43919.5873685727,13431.1384711379,9616.40921528784,10541.7183150319,11.0106083597797,19.1343526208792,3.91065232788768,15.0380303123302,4.05093983637863,8.96606010382891,1.83875738944701,4.51929903485197,6.96681175875209,23.5157414549924,19.3676850883921,3.79832853260701,7.51578007020203,2.71572092416504,4.87979781661126,8.14394363067786,2.48152570530495,4.00357783831566,9.50253181118367,7.24587956192873,55474.6927528158,93587.9038956157,25292.8418148242,35565.4897063246,34061.8085760876,123706.759705917,4878.64099729441,152896.878336916,81000.1298365147,56607.5170947993,2.36333586118773,14.9118957998892,7.03117650506665,10.3604992157478,7.01171954903036,33.6582574971466,4.79458081013986,2.84515292064308,23.0474659418565,46.0002684018748,1.23771281954812,1.39785827988549,7.09997980265251,20.1425213495409,32.3919494675574,8.49029549960719,1000,1120,45060
75,3695.80436574392,971.954036240314,1324.73118384569,21686.595897352,14730.1179632941,7668.38106685563,10643.1208060011,6.22537736819272,13.7060466026681,6.14343506610123,15.9020595758211,9.73301136215234,8.68509268506411,10.7139038874566,5.44884306848836,27.5112758079002,11.0384332594545,14.6662387664986,4.48005002273571,4.01079648450443,1.5167463674859,14.8484687201435,14.1323199855844,2.7533496044631,0.394814807977509,9.34758216678181,16.5225012415517,100751.856613199,84208.9086667062,44156.3187131401,14779.2133705357,67335.6361356422,105238.527290933,12109.4305294965,131786.366362796,81631.2167350434,122528.588215468,8.25842086183687,16.1544246950197,0.2524142863236,10.1009190703183,28.1664531792749,2.89870841756888,13.9445118956504,3.56768173806602,14.5438179100739,19.4139833870706,14.9438196192794,11.9427000983907,4.63910792994757,13.1587679194282,5.96676403132047,0.0454324848588732,1000,1040,40040
76,4793.17861049661,1224.9421118595,1712.38293918575,27779.0020133326,8619.07973247363,2662.22109030779,8111.04853146029,10.2709241333589,11.701635744057,4.10228636231421,18.3013996628922,14.0984198638377,12.8609171724572,3.4699381941567,22.05575693285,13.4309107358917,16.8521126265311,11.6675666808397,32.5883893467509,1.97821474807446,14.2910613474558,5.35766288455753,4.88085948280699,2.19476401150394,2.68309190413381,6.17229957560594,30.4727724057375,163050.210343564,56015.1772199491,31750.1939537376,100695.034877556,57319.547737657,99703.0894051656,70686.4427532642,262308.090020011,127580.832674999,20575.0062303171,31.9853736816599,12.9377834482544,0.873058677392253,43.6149654641535,10.8748908532628,15.0284698950304,3.51842354009358,1.35294353595426,22.9232218869163,11.4896038283775,10.8668523387797,1.82380960445614,18.6326754240501,15.2366060660374,8.34639008322749,1.92865314346886,2000,1040,30020
77,4845.36013567827,988.630633941011,1204.2980959793,17170.9468828521,6693.39038671137,8544.11546132793,13881.208033684,8.87922660248126,19.9928634919576,2.87801657756749,10.6778556704319,15.5758779347835,10.9698278597488,3.39766316334774,14.5998098797961,10.2213224159666,18.1864996383043,5.41325042444441,11.08988602292,1.49685046140111,4.22789711257292,2.81842642036528,6.49031802482746,3.92332109925063,7.00087885672512,11.3174237743671,3.42570866138752,109557.028850536,114471.313559098,13697.4219745629,31685.5370038013,46639.3198702509,44580.406842933,77831.7582037393,94387.7011132757,22074.2488597964,132839.873907503,49.0695526418446,11.182906047395,4.13377567185646,36.4301711643599,5.019468393223,7.71025421263958,15.746520174933,10.8382786800129,21.9964718931353,7.03594786456561,8.4801423405818,97.0262564950979,19.3543704428002,1.9934484549212,22.4456050574525,81.340295274596,2000,1120,45060
78,6068.37961691825,1185.69435198511,1335.47958097688,12004.3356381657,13521.2256726083,3202.05595091517,9329.60693472568,23.3464401265639,15.5779405571599,12.1360511000845,22.9421939469799,10.3305681018469,11.9591531775512,17.4812980029382,10.2170552073489,23.2262589110784,14.1544877513905,5.90524917449676,1.21706062599384,5.17450320685644,4.47213596200001,13.7810253120497,2.72141206790908,14.0950089894593,10.0687300794683,14.4305989497351,6.24703944780686,54606.4829675275,57328.5100392473,42758.369974651,66450.043888823,85213.7883600691,46770.2968107465,82238.4574550866,16042.198440486,68800.5735943062,72703.4123626533,5.57006361688344,22.248983709749,1.69642931513872,0.919608676173829,11.825620857642,5.31661094234271,0.492572438946804,6.73290040852288,13.4904075897541,19.1399181790382,16.1959171740043,20.4917785692229,11.1534538523914,2.39254470037266,2.98803048604375,3.93065480008032,1000,1120,40040
79,4871.37713694193,794.38928280727,1674.07697908055,10407.5000381758,15215.4012564526,8884.34243402398,6730.42457324569,15.5627561753041,5.78915822491457,6.29063570833836,1.68285933751599,5.35527719140268,7.19228187105852,20.2991046802859,20.0907016154642,7.99633223821957,9.51334465256277,10.3212112270488,23.3566443197204,4.45987181033515,3.52313474358807,20.527048316353,10.2643117074611,4.90307239401453,1.78877695485612,4.54266847276019,5.60795532161199,52700.426299924,101808.859942633,34327.7345602348,117161.895259091,135012.007869178,77895.4706811388,137914.932094923,49896.169595776,58517.808804863,55560.1046282623,4.92107802936467,15.5500081818149,1.85382001196735,1.35151123679666,3.55461392641057,11.2839846587012,3.78190002895934,11.0489191353063,12.2755231712555,25.0461051707206,11.4377787208046,29.9837478615857,6.97492089196755,6.50318313005357,1.73167624584857,0.469965868542349,2000,1020,30020
80,7350.83031452886,940.274565260537,1244.00117257231,54490.6685682531,14893.6835914786,7001.15922835941,13133.4389212707,4.58032465882472,8.31490170165238,16.3191496719432,9.8198972797577,8.11019907997673,16.07150486223,2.56007975331418,15.669286778295,20.8300727854742,36.9396017096286,22.7378650469182,3.10963205424499,3.51827268287474,16.1384530665292,6.30479711238536,3.81028681355524,3.99815513532047,7.05123712324756,14.3487483762365,18.8374894163851,44905.9187179538,86538.5495192328,35468.0649171168,36454.0139290746,92673.8057438492,152986.74540003,195266.249566244,137224.940567557,100812.266611657,92546.0677033504,28.2862385491137,17.6854023986055,4.25172093098056,4.35223378138095,6.64454626540339,16.3142763014178,7.79524673500796,21.2065935586342,24.0401621632677,6.6561501372985,12.0585058944133,23.5857010946185,1.73257952891521,7.10961638746002,10.3342375931401,9.98528694052275,2000,1020,10020
81,4330.90346492586,1053.39737534603,1601.23698751723,7814.65228693087,9511.67641114755,2206.21547510464,8264.41790610023,51.4190132770402,22.7226172768449,28.1008420160222,46.9597219885359,8.60398731127611,13.6057862150113,25.0408995625655,22.6926585668965,31.2452103420412,32.5916675960791,3.29178712306751,9.70191022592686,4.27048360999439,7.9665281741313,4.66420030920964,17.4977495626869,9.96996903756887,13.6913567655419,5.54831017105728,11.8345527943297,58119.4396893499,105767.403824793,30288.7766599752,63965.5020185871,62771.2798583797,64277.6652139795,100277.074760833,65005.9584390746,49533.3179697625,66362.7423969706,30.632568557297,18.8482866413087,9.79759709299602,15.8020986935432,0.839098742033977,14.1777228501409,3.45726318525735,4.19572451216483,1.40657008677242,27.5799989971394,27.45681566636,8.25367258270001,5.2425448129085,2.92505848767023,12.4378560245246,21.6013100313213,2000,1120,40040
82,6271.54080320642,1050.76846269438,1180.15072651486,4158.15515420266,19597.1494765887,5280.45476765529,11282.3843695436,13.7251776420645,12.0726625737441,7.72291815847434,17.8097906249634,13.6959100343834,12.7410104595844,13.3564369419356,7.2544293779177,30.5004923809528,19.507142344721,12.2786672314309,16.6887631613833,2.05012830664677,21.0447281518449,11.1154490007399,6.96800371470902,7.05598784965243,6.66454723511012,6.54522817635893,18.5283624378888,97489.8913730686,85700.2635125232,53915.9553066707,94931.548095413,52146.7046971483,56483.2194060389,11262.5842534812,12562.0676196765,57501.0695599194,46457.8347431059,14.27098165849,14.448811140793,2.23747509375586,15.4577869204004,5.71934195137603,5.9845395208994,7.37899595084904,3.9614256775885,14.7008137214805,12.9685746842051,0.830877531157791,10.6090843077624,5.55484943187341,6.66393667432167,19.5970826873373,23.1613841041142,2000,1040,45020
83,4746.80893882796,1078.56909169596,1451.74923980381,29041.0440580261,10343.9463795477,5566.49151886141,6020.37140647794,5.90118608946072,26.9422564357275,8.35740567727191,11.6575617484128,6.5830702399376,10.6553745725044,3.57968412792227,13.4601417187602,37.5666417168936,37.9617872127683,33.5429399259556,1.78414906219015,6.79240627236155,2.97631258261506,11.6518193658568,8.70448048948998,8.60399032294006,9.30850574453407,7.7068174164034,21.1174340860109,61372.8698950447,65047.3384060217,20608.3555146335,56174.4800356377,83220.5095253114,61777.4017295278,44823.0520473348,31744.3028986396,139724.555903847,90586.4661734914,20.088491279575,10.3091093097636,9.65526052755742,0.407655562887387,20.8655077375358,14.1342164226463,3.61466471973137,4.45150823802791,10.2793087601412,27.1534295295046,1.90412395397108,22.8863650267629,12.1470130556214,12.3169819567854,13.2535922425438,18.4732841443381,1000,1120,45020
84,3358.68457916425,1081.4602702216,1410.5662257724,7366.95232350453,12603.3791317344,4629.16168430692,8280.47463463314,5.47709861304343,16.6615039736468,4.9240473442095,6.63648699754658,6.91649695239018,9.63774141062056,2.89295673130525,6.37710268844282,6.28827623245772,41.3554378230734,22.8597929230489,13.7166538952762,2.84092443757274,1.99697182626902,6.16517013733146,13.2893780016118,10.3463993444321,6.5444177996882,27.6066246007319,10.4432035733925,107771.354009559,116842.617170166,14654.3818057465,79287.5339321916,44421.7518244578,99031.7133464929,92485.818593728,242087.824466274,35683.1062056601,101798.033370204,24.1914535583665,20.9883280145088,1.21165066852546,14.7309273702528,9.84702917088078,8.49492200736396,2.06830220366783,9.0835115829071,42.1094015429817,32.942511026556,2.38762967316055,44.0161188931844,4.02976975892445,7.68236644844275,9.34799346306052,13.018674355472,2000,1040,40040
85,5367.42479032297,1022.63918505013,1248.18213678925,20554.249707398,11575.1729751084,6724.4225873744,7041.0927431715,4.0357181435475,26.8197723107918,8.02836832461143,9.45603000601509,7.44599034102884,18.9900160811371,14.8088146223933,12.5454670823029,7.58614350249803,31.1125299522213,15.7021087438787,8.70789797783301,0.65638941996643,4.97047549914204,9.82789335421954,15.9502050679992,4.52240035539641,9.11060481847099,4.32868794813619,13.4893470038849,116054.453203558,98527.5959821783,16768.0471968615,176836.812922409,36604.6764953432,87605.4950887039,47903.5799169566,25372.7241493671,78504.1559455094,16743.4425559631,42.2231406964284,12.9846301249835,11.8500034275652,0.505432727515853,3.14740085257888,7.02888647399346,8.25885321304118,23.3267680541759,22.462121119985,8.57596595488318,0.568942652398887,29.7453111882426,14.8537995293499,2.55988862835758,2.02143343084235,11.7341252402034,2000,1020,40040
86,6708.00571932529,1026.14612353808,1287.16659428377,8031.58889372978,13044.664267407,3954.38831195304,4559.92472938221,40.8786723644416,14.7169123089917,12.4691895554045,7.70743270826479,17.7096164863782,8.37591012671777,10.6064839513645,3.43251033633052,6.12875257038214,35.5477978122159,34.556957021716,5.44739077158304,2.55303247435785,1.5703944622577,4.30652164842371,15.2292660942847,17.086160708192,2.26195182229511,26.0896033787311,22.4965785847255,48711.3120586241,110959.558686569,72550.8137557251,13051.3580021361,67532.1429563283,58923.6537646742,35087.0600353912,39689.1257580757,146051.950109021,45563.0875312412,9.49467502869769,7.03715222695789,3.04561797947075,1.92563955847929,1.50735287434438,19.6693338343075,7.12323630589984,12.4963508109596,10.4877975721584,13.9429617022378,23.8089679547893,3.06682064570432,6.45221930644529,3.80758144879141,6.95140984524218,2.375143738849,1000,1020,45020
87,6936.18852404766,1397.66227296595,1485.41316497713,26818.807715219,12024.7929410022,9077.81068748531,11106.4158823773,12.9588719597683,1.05207086396569,8.61278225044369,7.42907229697298,2.2880299990172,4.40695521112409,8.66504849921325,3.75680857729665,11.9504197520161,16.4335535710446,2.78187700239328,7.14583497807968,2.19911199772262,6.11908877400055,2.06967933827588,3.27304288142075,10.6739696848055,3.53636688943064,15.7237874066692,8.71857915968582,79058.8940020781,72259.1047174155,16167.3741692851,62212.8378016502,65158.0872589413,134888.636161768,3753.67862411374,8766.8403394191,51382.5569297714,89314.1377884288,5.42183702876373,8.23483133264993,11.300254708006,12.8800264626149,18.6031941405028,12.9615283835249,11.9258312519902,16.6332409593172,13.6220748732897,19.8411258562967,17.3616792992126,24.7079883555504,7.88975725675759,4.4593576126402,17.2569580054377,15.3501197118902,1000,1020,45060
88,5300.12711244058,947.645436484007,1459.59963276194,9224.77990462025,13294.2111597179,4254.98237088388,17072.1671752946,8.54049766626892,24.1561688007699,15.5573417308943,4.36357769582292,27.5801083921748,18.6416744237751,5.01872747777277,6.84919112140533,26.8711816816154,21.1752401712434,7.5791020173235,12.2349408140997,3.25436625172968,4.41952784400484,13.0203586172518,14.6305005100829,4.42372744779664,10.3151629661349,18.5171453771763,9.80691108837716,58802.8415240451,149489.425914812,24351.7659421415,48767.8050397962,111967.873903133,158114.844290102,7603.76819837477,41266.2616430855,59759.240926879,67574.0579628033,7.59533248078872,1.93698847185625,1.76759641677804,23.3276591005584,10.2024274500807,14.9706842234425,0.735680574274994,10.1503236259254,8.72789154195369,30.1855419950376,7.53478469151692,16.9898530270208,9.95686416754014,6.21656053975923,10.4104931449493,57.7240046495182,1000,1040,40040
89,3142.26164821439,1253.3229218506,1360.89301701369,35381.487939965,16670.0391692557,4688.47748259137,12198.552929072,2.31207691152065,6.86540019987959,7.90590081811513,5.24419323513108,8.98018158663258,9.93554782568984,14.3782520474688,8.92873484492009,18.2440613653736,24.352699990897,27.4169796100376,14.141206246891,3.6453212334499,1.73836304538459,9.21540983934042,18.8919323503788,3.43240571589955,8.02245975857947,21.613587648937,5.83995759595113,171402.351036233,102617.979864439,68493.5959304562,43105.6389228829,141616.27099916,65897.8112179691,24254.9486681005,7765.80067111741,135220.382630307,60095.4324125582,13.9766141983072,17.9143800781719,15.1785872275758,5.56367173588659,12.7715647933926,8.23719562007764,13.7168632216763,8.2271379415366,11.5649400727093,28.2065807404266,0.165938117870557,7.87740142093914,1.44684312078804,5.91116222245403,17.710362489932,3.69666623455005,1000,1040,45020
90,5988.86431879873,954.353677158219,1309.33411036615,38906.7797971933,16143.2583478686,6606.12007339495,7839.09510623911,17.3439148898365,11.308005007907,4.83720094842772,18.8308890821761,5.20591193702848,14.7694682362775,0.72686084375593,9.85046934887903,47.0548542820103,14.3360348706847,43.613930689671,6.5705272138486,4.77956161038354,1.24540381399263,9.11314583864193,5.57983048156014,3.15451253485024,11.7211621963179,4.2116980154726,26.2425329266085,114989.223442961,108744.46302764,18131.0666267394,93494.9705640611,38421.5455487497,53700.3645660825,41935.9818732633,59361.5304991479,63685.0396484909,59838.3046240738,22.4195270422977,21.9969726673549,1.50141263181432,3.70561083653915,9.57467191431098,20.9546102343817,1.02212881816199,14.3513303007453,11.2387250074507,21.1251769761916,1.38224097718784,26.2556504239713,15.8959281638425,2.96789323969722,5.54949481742254,37.6361302107957,1000,1020,30020
91,7762.11435466304,898.777362751099,1546.35302211466,34591.1192443702,17170.8058596529,6543.04753206482,10140.7651866228,1.7575115688156,17.8613499846219,0.965118105105367,12.2140321452635,12.725888989573,6.59304860037781,5.92699986459648,10.7511015691041,22.8035642515919,5.62959575433971,13.3545602475669,2.04706062418745,1.35330900196637,5.36643161510623,16.6373755051321,12.5133642492367,0.753177086808501,7.35464171735444,19.6151986660912,26.3629915056018,45175.2442153955,127448.692256946,53523.020524097,69482.2682517719,48821.4133268325,113227.694853645,12916.9427133811,120126.466398085,52102.5322910635,58357.3549100621,12.5525808600727,25.2413246071596,6.5853476681599,17.2242443870683,2.26585538357581,13.5047225840554,10.0967479894166,24.2380944860393,14.1552648755597,6.24188400875304,3.50452097643127,4.13465173713323,6.78808729968433,27.9774186841249,12.1110751130175,6.04035321371249,2000,1020,30020
92,5741.41368628763,1125.81387959525,1231.20412586593,16137.5851558743,11189.9257776044,6491.144715637,11430.6059083023,5.26352612402498,24.6816416932441,1.88536092088934,37.0798893802236,25.6019811960259,9.88340309391626,16.6842134127176,16.7985560072508,10.6656676909388,7.57157247556468,18.8070721810381,8.97374767694906,5.7447315522182,2.30051450056845,18.4637349277913,7.16778211935055,13.0973333698596,5.15290368677078,11.9780738633601,8.99112138442087,72633.9876221516,123324.838212624,101116.676553016,76398.1322295516,74020.711270403,97099.8161877142,27165.8048537631,186019.460398774,56897.6472778148,40966.8723366076,7.06393130410588,5.52969936444724,11.447314095996,49.1795606392542,24.9243545296397,10.0521185793585,9.25029437846437,13.8621801112814,6.41975038135138,8.06366896265993,14.4447634272912,12.5073123098616,21.0678608497837,4.40426158882292,21.1552699741244,16.64089547723,2000,1120,10020
93,5867.05992495074,1108.24035743169,1662.03431642045,8573.60867866501,20860.516550085,6807.79781941608,13635.541140383,29.5086348919281,19.434426898246,7.06417742139814,17.5748183229672,3.66448792592205,36.279031945862,6.84055959879205,5.15223513513961,21.5847041029797,8.10438406283108,7.02501223814338,10.352968445251,0.77661461498856,8.60151735982888,1.73523158092476,3.46661078597701,9.10248950551098,7.20215292633691,5.14779226266771,23.1980619108022,105648.934690465,109399.518455605,22047.9288817592,32530.1211585982,104475.24013684,218818.872596529,428.64707607796,22577.3978073938,32914.8650902294,48473.5487061197,19.2274293427468,23.7025013437703,2.42940500024139,4.97440519628081,6.93144307672287,16.8189040692885,7.72550921021138,7.36000578400624,3.83768793600501,21.9952876540145,39.059355381228,6.71126361058723,6.11831456455662,50.1399754373226,12.8786110427889,32.4308845391393,1000,1120,45020
94,8978.19486505125,1005.64994487637,1382.62176565073,27945.3445433124,14274.3999940368,5480.28570419852,21080.5661938939,12.8137552724054,15.1920748319185,15.0585165690048,3.9170134120364,2.10168729613681,5.16450284984413,5.15701424166491,11.4622659801697,16.9723031705518,3.53851031043499,28.6169787051742,3.32537752791596,2.44066803636586,0.671691791405808,3.61022014240166,11.2856974900137,3.67053329227409,4.44060681747502,23.5827554939043,11.1627688396894,32831.6732958108,103634.980245953,10678.7588730954,51485.6509578929,41411.5408831934,44071.7653841424,11500.3972084391,48705.0087357664,82924.9032338358,94783.1473918159,58.5930380877072,20.3585041800228,15.2141153061129,27.9378863170923,6.4294172177782,5.22838403393208,6.73893443073577,6.93479632838162,11.9221127312358,1.87568767734395,24.9125261793412,13.3228285759357,14.7499913517639,1.52446371742722,29.5871773077885,28.9051744674772,2000,1020,40040
95,7579.4678924234,837.976435732515,1358.11400952516,25772.0656940507,10671.8693521536,3280.55058292403,12959.294149751,18.9086982303213,13.9268838348652,2.92410449677653,15.113004547721,7.1999789769963,4.45847065810639,4.26976432147368,7.48484418285761,15.8721302505875,16.5189213438146,27.9169378840271,6.16008878810087,1.03636543704859,3.5664711636304,5.10431877136335,9.13048178092666,6.03424973196588,9.51049635549925,15.5341830249232,8.18225307718566,82162.7001603817,105217.117336839,59223.9310495623,64998.7286972666,58995.9708858497,114236.923069947,2384.17750057701,38378.1162371719,74749.3409041505,62159.7618285737,16.6971396076643,5.00555594705614,3.32971271653718,13.9522918201569,6.48298900955759,13.2605223182727,8.51078826532074,17.4059678322521,20.3068270844276,35.238173066686,0.622548570976789,5.56646683532754,11.8806483373703,4.09999128815412,24.3194414734555,180.016626200619,2000,1040,10020
96,5780.22831726581,1014.36680273943,1123.14224207398,40720.8338491396,13583.4839589978,3657.07002074708,5289.17560333466,9.98697642880395,9.02682461524595,16.714417178895,21.8199926867659,1.74258708162716,7.88121953841681,8.55900981213007,17.3194633619109,22.5180973289784,7.77767660101837,31.1311273862589,20.5484442944489,5.03988983813489,5.11854278568851,3.22068656626024,4.78671379635181,8.31059633800379,3.13705632330855,20.5724925219062,6.72205133184466,40357.2763112726,115966.064604346,45416.8136564914,19402.4751731739,73781.2104516493,109204.666104951,8998.76047134754,160472.533017831,69742.3878242656,103310.762682751,14.1744819170298,6.10238583242868,4.38957902011813,11.6695783047904,7.78136618489432,10.6178964760748,16.6938617634353,6.09317407251774,34.8624769793691,25.9329516369558,4.27483976997085,19.8745713356325,5.88680022118911,11.6067039374603,6.14765168222131,14.2983474521605,2000,1020,40040
97,7238.51315599223,973.864734948,1172.18163213511,2541.67174089001,16308.1055988037,4900.78393183536,11831.8003104333,23.8002599361271,29.2275026296581,2.47849265907282,2.67377527231433,3.89144680563872,16.4694099129171,1.03717010288009,11.2130970609757,57.1008714081405,25.5636839897904,11.0742112913441,9.41091700888231,2.05697362216147,7.55089404190513,0.465745700426281,1.50804057014844,3.60023831007074,18.132693631235,19.2698685441887,39.6943492361287,68675.4344501403,90744.0825376094,51180.2571931952,22450.6274551116,127349.310089838,127178.801890747,15474.11222529,27344.7094241686,39381.3405497345,43908.5787195625,22.2133722758844,12.4030936132249,8.04290908875385,1.49600873259419,9.35856953216683,10.0754829080224,7.02416247902253,9.96678991850997,21.1035737369977,21.0361542560228,13.1045929946934,20.0957963159071,17.503518615637,9.25409228609933,13.404835032535,31.7398649493916,1000,1040,10020
98,5649.69005595929,900.587902590609,1385.4405079285,6152.16441375016,15443.9511149495,10479.072400584,9075.34493488706,35.2289295711332,10.6751521469203,5.67768337915374,2.08596780111728,9.5535656148926,4.12256916299185,6.30567598558889,2.61053507660752,9.0822500749543,21.7766826990253,30.9044511645623,8.24467057939314,4.63275662921596,6.84688619160893,6.55825268964812,5.38546782506145,1.61542342835,10.495194128423,33.0254506134805,36.7544717558139,63918.6397392471,51051.0098881289,35633.488426943,38669.0614800851,49896.4788125841,55182.4164878051,43896.7838799526,40822.0423784894,31291.1189898824,108684.937731017,3.957087942203,17.2839267259544,2.57321269449404,0.150553655358845,11.6354127933296,13.8975248663847,6.28399416464436,1.8201732165131,16.1903187597921,25.29512438634,5.41838602871267,2.061334407276,3.53817729072306,4.68381300414156,15.7461756638506,10.7433053832568,1000,1020,45060
99,4815.82446191558,877.75209291951,1316.37817997068,15675.9574720057,4168.01289238803,3888.88536892463,8931.25752864217,7.12343641505248,18.4991441353444,2.31880412813712,1.56135275851877,15.0553326627271,10.0593109706665,7.74088031040882,6.11292245247734,3.04076107444214,11.7816779091945,16.2144298546188,11.8155082040888,2.77561314667065,1.46030295748744,8.0498742486883,8.27250916623639,6.52888736603205,9.85562355811717,22.2249655570284,14.7729115074325,112044.610756307,78755.7005828949,33211.9636500342,7745.34316299381,147901.545648827,122642.442795059,85147.2128686547,2478.02402368583,53726.254197311,23512.9969829319,34.1488910228892,14.6860461335509,8.60991776310258,5.20720662311482,1.78316372697195,7.36232767910988,1.76013043431152,19.3118780178653,34.2130674367815,29.1997821843917,3.09651928346136,25.7764874503729,33.7103645525383,14.485581043581,3.73243727314007,13.5315619563389,1000,1040,45020
100,5256.43227877808,1001.0867002112,1306.00551315688,23805.3938422856,10552.7846779286,4337.31962299949,12283.6593839335,13.8941221695879,12.2339760251513,9.88846127736949,43.4108666826467,16.2210158030414,7.05043176349894,2.11026876478351,9.28697680243292,5.66631070034106,10.5658417165227,12.1209288254734,4.98240776461071,2.94528478010854,12.7260641735176,5.68408528860338,12.1442774390643,5.54932549513658,10.9398830869011,15.1410922891849,15.9396825501173,101782.125247887,103956.266192534,90381.0711219279,54668.1573799473,45917.1308137535,71897.9592133862,39054.4597387743,46696.1851301049,39875.6342732471,52793.2304439205,9.72457123468375,10.9614485617541,1.59810467762241,9.50409130351159,7.58215065566619,8.84492975829417,4.73341867737463,7.12630234230507,24.2874019927616,17.3361731109015,22.0902165482288,6.04081814195815,5.79924576107422,11.1814117438928,10.7704467604978,33.8293927203249,2000,1040,45060
